k,method,seed_time_s
2,CCKM(equal),0.0058
2,CCKM(quantile),0.0077
2,Maxmin,0.0019
2,KM++greedy,0.0045
2,KM++vanilla,0.0024
10,CCKM(equal),0.008
10,CCKM(quantile),0.0123
10,Maxmin,0.0067
10,KM++greedy,0.0228
10,KM++vanilla,0.0163
25,CCKM(equal),0.0113
25,CCKM(quantile),0.0156
25,Maxmin,0.016
25,KM++greedy,0.0688
25,KM++vanilla,0.0431
50,CCKM(equal),0.015
50,CCKM(quantile),0.0189
50,Maxmin,0.032
50,KM++greedy,0.1324
50,KM++vanilla,0.0866
100,CCKM(equal),0.0194
100,CCKM(quantile),0.0249
100,Maxmin,0.0626
100,KM++greedy,0.343
100,KM++vanilla,0.1807
