dataset,n,d,k,EVR2,SSE,ARI,NMI,SH,IT
S1,5000,2,15,1.0,334.514,0.8297,0.93,0.5864,9
S2,5000,2,15,1.0,329.3399,0.8751,0.9277,0.5787,11
S3,5000,2,15,1.0,477.3689,,,0.4663,39
S4,5000,2,15,1.0,544.039,,,0.479,13
Jain,373,2,2,1.0,322.4423,0.5294,0.495,0.5034,9
Spiral,1000,2,3,1.0,786.9835,0.037,0.0324,0.3787,7
Compound,399,2,6,1.0,106.3785,0.7244,0.7394,0.5062,14
Atom,800,3,2,0.681,1165.6565,0.1885,0.2981,0.4525,33
Hepta,212,3,7,0.682,62.6241,0.7815,0.8993,0.4688,5
Lsun,400,2,3,1.0,214.0149,0.4052,0.526,0.5287,5
Target,770,2,6,1.0,350.8726,0.3845,0.5702,0.3773,21
Twodiamonds,800,2,2,1.0,1063.1687,0.1472,0.1103,0.3172,6
Wingnut,1016,2,2,1.0,1042.6803,0.6703,0.5617,0.438,7
Engytime,4096,2,2,1.0,4782.31,0.8142,0.7452,0.4134,10
Birch-rg1,100000,2,100,1.0,1577.8605,,,0.4213,52
Birch-rg2,100000,2,100,1.0,643.4783,,,0.5724,54
MNIST,60000,784,10,0.097,568218.0277,0.1284,0.2044,0.3545,49
Digits,1797,64,10,0.216,2817.4207,0.327,0.4637,0.371,34
Wine,178,13,3,0.554,260.1626,0.8456,0.8464,0.5609,4
BreastCancer,569,30,2,0.632,5333.4573,0.665,0.5474,0.5081,8
