dataset,method,seed,EVR2,n,k,SSE,ARI,NMI,SH,IT
MNIST,CCKM,-1,0.0972498890821088,60000,10,557283.0162698622,0.1376842268613898,0.20909492239729696,0.34859664597032824,69
MNIST,Maxmin,-1,0.0972498890821088,60000,10,557396.7635526113,0.13743449098671642,0.20891915586212703,0.3493591781193879,31
MNIST,KM++,0,0.0972498890821088,60000,10,567158.8533298892,0.13698768977230408,0.20901358342285672,0.36083912208423363,22
MNIST,KM++,1,0.0972498890821088,60000,10,557712.0415433939,0.1383792942581319,0.2095570636497787,0.34695602012504717,64
MNIST,KM++,2,0.0972498890821088,60000,10,567720.8426222933,0.13548744444450078,0.20809064484978115,0.3622899302148348,28
MNIST,KM++,3,0.0972498890821088,60000,10,557254.2223011602,0.1372017416039586,0.20880502057348996,0.34958118417491735,28
MNIST,KM++,4,0.0972498890821088,60000,10,573417.6913763192,0.13742388445598136,0.21167428593257928,0.3369569022706867,32
MNIST,KM++,5,0.0972498890821088,60000,10,557371.3012057015,0.13761038444956847,0.20923580355433333,0.3496857308952133,44
MNIST,KM++,6,0.0972498890821088,60000,10,567135.8055347693,0.13715631073356868,0.20931740651788427,0.36074169774389564,29
MNIST,KM++,7,0.0972498890821088,60000,10,557734.937994535,0.13535778693217512,0.2076036571547074,0.3506620804842072,88
MNIST,KM++,8,0.0972498890821088,60000,10,557667.552155371,0.13561199100662033,0.20778718311495287,0.3505790781885052,68
MNIST,KM++,9,0.0972498890821088,60000,10,557415.5149596788,0.137433298709634,0.20894670078004093,0.3497287918803824,26
MNIST,KM++,10,0.0972498890821088,60000,10,557275.218614075,0.1376141257980127,0.2090414353995696,0.34878754364313436,33
MNIST,KM++,11,0.0972498890821088,60000,10,557744.3494742358,0.13532689519658028,0.20760410734848456,0.35064926759614845,90
MNIST,KM++,12,0.0972498890821088,60000,10,557387.7015210048,0.1377085522687637,0.20930283682363665,0.34953629201775327,31
MNIST,KM++,13,0.0972498890821088,60000,10,557427.2448509249,0.13639248920966876,0.20850903119494937,0.35090173736304814,61
MNIST,KM++,14,0.0972498890821088,60000,10,557743.7615655165,0.1353281706684147,0.20760561309942357,0.35064926759614845,123
MNIST,KM++,15,0.0972498890821088,60000,10,557646.2886556699,0.13774529283627468,0.20895253889206133,0.34765546641577494,25
MNIST,KM++,16,0.0972498890821088,60000,10,567360.8048122716,0.13014474638634638,0.20505141266041232,0.3568816758162936,21
MNIST,KM++,17,0.0972498890821088,60000,10,567871.0029589705,0.13298540656191687,0.20657916833131754,0.3603354529904162,44
MNIST,KM++,18,0.0972498890821088,60000,10,557637.0264973493,0.137992052029758,0.20909408442806487,0.3473063542034638,37
MNIST,KM++,19,0.0972498890821088,60000,10,573982.9215526019,0.13773716641094458,0.20720343914250502,0.3446673974748074,43
MNIST,KM++,20,0.0972498890821088,60000,10,557714.1125691315,0.1383804817944446,0.2095953700035493,0.3469437886572819,28
MNIST,KM++,21,0.0972498890821088,60000,10,557717.6898864339,0.13529558339453512,0.2076694954919662,0.3511658450673518,26
MNIST,KM++,22,0.0972498890821088,60000,10,567423.945241012,0.1403643909616409,0.2114224728056556,0.35708091252787616,18
MNIST,KM++,23,0.0972498890821088,60000,10,557581.9079573067,0.13595779531507451,0.2080923919939562,0.3509904351581963,59
MNIST,KM++,24,0.0972498890821088,60000,10,557388.3009677073,0.13728634143387636,0.2089815626633032,0.34950576744509265,35
MNIST,KM++,25,0.0972498890821088,60000,10,557545.8486235826,0.13814362814453804,0.20902781565762316,0.3472321121128938,24
MNIST,KM++,26,0.0972498890821088,60000,10,557272.4079871139,0.13686067443722247,0.2085682847914959,0.3491713248365967,25
MNIST,KM++,27,0.0972498890821088,60000,10,575010.8765709755,0.1383904882857896,0.21317921687487737,0.33681027741255215,21
MNIST,KM++,28,0.0972498890821088,60000,10,557583.5989620538,0.13742349464563147,0.20868387754554094,0.34795076299772415,28
MNIST,KM++,29,0.0972498890821088,60000,10,557584.8062509985,0.13780909463396396,0.20898193865323544,0.34771402273702695,35
MNIST,KM++,30,0.0972498890821088,60000,10,557723.8127503116,0.13849941683610198,0.20962968488608816,0.34669398409931657,36
MNIST,KM++,31,0.0972498890821088,60000,10,557627.527243369,0.13576058633712673,0.20792239804014595,0.3506915180941505,61
MNIST,KM++,32,0.0972498890821088,60000,10,568317.582699353,0.13058353618971247,0.20519966447237148,0.35591611133501855,33
MNIST,KM++,33,0.0972498890821088,60000,10,557500.3328464854,0.13819054956326682,0.20910878050817272,0.3473534726696806,56
MNIST,KM++,34,0.0972498890821088,60000,10,567853.9848967957,0.13587800098397768,0.20875544865013104,0.3622306851224914,62
MNIST,KM++,35,0.0972498890821088,60000,10,557754.7900730789,0.13525259010828564,0.20753431327085858,0.35060935908637814,87
MNIST,KM++,36,0.0972498890821088,60000,10,567047.3950746662,0.13767786471836288,0.2089033544106823,0.3597768769184653,39
MNIST,KM++,37,0.0972498890821088,60000,10,557232.3016523068,0.13727009803105628,0.20874507978445753,0.34917794539000113,23
MNIST,KM++,38,0.0972498890821088,60000,10,567049.1631985037,0.13743240714652466,0.20879773720632125,0.3597476712514381,59
MNIST,KM++,39,0.0972498890821088,60000,10,557666.7364530013,0.13569247202372417,0.20782164488950705,0.3503653412802436,53
MNIST,KM++,40,0.0972498890821088,60000,10,557503.6785132719,0.13730832766676568,0.20867101741340335,0.34840185777598237,30
MNIST,KM++,41,0.0972498890821088,60000,10,557667.4264087863,0.1355854981748738,0.20776279960083666,0.3505790781885052,85
MNIST,KM++,42,0.0972498890821088,60000,10,557368.6399476096,0.13767573733544922,0.2093455799517672,0.349590087166874,65
MNIST,KM++,43,0.0972498890821088,60000,10,557666.915560658,0.13841724326039012,0.20938658745863317,0.34713592451312486,52
MNIST,KM++,44,0.0972498890821088,60000,10,573731.1663202216,0.14194567319097434,0.21342229744755278,0.33549521402571836,34
MNIST,KM++,45,0.0972498890821088,60000,10,557692.5747771248,0.13551072876114628,0.20767422795711288,0.35021235210339746,28
MNIST,KM++,46,0.0972498890821088,60000,10,557663.5975915329,0.13570283161285757,0.2077818319484993,0.3500322822298738,48
MNIST,KM++,47,0.0972498890821088,60000,10,557664.4154312193,0.13571100070765263,0.20779679178179825,0.350073563945781,86
MNIST,KM++,48,0.0972498890821088,60000,10,557255.3750597563,0.1370102793297484,0.2087312058551595,0.34992851499959016,56
MNIST,KM++,49,0.0972498890821088,60000,10,557352.8150650377,0.13770592441790194,0.20913223922476148,0.34919010230495373,29
MNIST,KM++greedy,0,0.0972498890821088,60000,10,557668.8575150986,0.13552878594054701,0.20764693516454935,0.3502568736844265,36
MNIST,KM++greedy,1,0.0972498890821088,60000,10,557572.6515887289,0.13820851775918344,0.2092916374584945,0.34738531187348476,29
MNIST,KM++greedy,2,0.0972498890821088,60000,10,557690.1305086608,0.13562219593595634,0.2078113837187822,0.35024447896043687,37
MNIST,KM++greedy,3,0.0972498890821088,60000,10,567558.072192721,0.13888901436048187,0.20994896378842504,0.35833488066895647,68
MNIST,KM++greedy,4,0.0972498890821088,60000,10,557350.1156550202,0.13783739841747727,0.20925440200087703,0.34931351293923596,19
MNIST,KM++greedy,5,0.0972498890821088,60000,10,567580.5316060594,0.13946148916547985,0.21046759021351888,0.3577800399933776,34
MNIST,KM++greedy,6,0.0972498890821088,60000,10,557683.0503637039,0.13558078552364844,0.20771709011565964,0.35020800355967474,58
MNIST,KM++greedy,7,0.0972498890821088,60000,10,557631.1391753223,0.13856334259300335,0.20957994346609934,0.3470713640536891,74
MNIST,KM++greedy,8,0.0972498890821088,60000,10,557287.1294332624,0.13776015633381178,0.20903385104984018,0.34843949188960227,40
MNIST,KM++greedy,9,0.0972498890821088,60000,10,557589.9559788709,0.1358679197533017,0.2079371133402045,0.35099982587102996,81
MNIST,KM++greedy,10,0.0972498890821088,60000,10,557656.255997414,0.13844208581613593,0.2093576556046478,0.3471514152635395,20
MNIST,KM++greedy,11,0.0972498890821088,60000,10,557363.9693578354,0.13748908686860842,0.20922858153874502,0.3495774579562521,23
MNIST,KM++greedy,12,0.0972498890821088,60000,10,557235.1203048686,0.13681814559693203,0.20875126667428945,0.34921673568641726,69
MNIST,KM++greedy,13,0.0972498890821088,60000,10,568611.5911455152,0.13460787472654684,0.2060756144233171,0.35236665710794723,74
MNIST,KM++greedy,14,0.0972498890821088,60000,10,557365.9838166778,0.13695008530449343,0.20878096824756154,0.34896894619514535,22
MNIST,KM++greedy,15,0.0972498890821088,60000,10,557322.7267425853,0.13716470648220244,0.20875715788984647,0.3496443649218091,51
MNIST,KM++greedy,16,0.0972498890821088,60000,10,557369.7256575392,0.13733548181679092,0.20900214226265418,0.3496312838605714,43
MNIST,KM++greedy,17,0.0972498890821088,60000,10,557430.845773429,0.1365158982230896,0.20851461212593686,0.3509345075373093,27
MNIST,KM++greedy,18,0.0972498890821088,60000,10,557692.0274282527,0.13557160016584016,0.20778555792330455,0.35007158132005434,130
MNIST,KM++greedy,19,0.0972498890821088,60000,10,557663.894708627,0.13561902723271768,0.20783173456294018,0.350552759074792,63
MNIST,KM++greedy,20,0.0972498890821088,60000,10,557704.37846482,0.13851061126947378,0.20956278805289494,0.3465627279730747,26
MNIST,KM++greedy,21,0.0972498890821088,60000,10,573330.3110736586,0.13611843985109448,0.20985331247652886,0.35456230385838916,28
MNIST,KM++greedy,22,0.0972498890821088,60000,10,567770.4472549842,0.13318432784306858,0.20643559754685276,0.36050422290822526,32
MNIST,KM++greedy,23,0.0972498890821088,60000,10,557257.7757238898,0.13665439988436118,0.2085808403557797,0.3491785357798217,47
MNIST,KM++greedy,24,0.0972498890821088,60000,10,557225.9979159262,0.13775289773880653,0.2091421817908236,0.3491724274544251,17
MNIST,KM++greedy,25,0.0972498890821088,60000,10,567111.1324923158,0.13835353387917682,0.20940426322750744,0.3587101125787875,74
MNIST,KM++greedy,26,0.0972498890821088,60000,10,568022.2352479222,0.12789995399874882,0.20433592731634398,0.3546485712903981,36
MNIST,KM++greedy,27,0.0972498890821088,60000,10,567200.7591035553,0.13641616219198507,0.20865613371841976,0.3616076344273747,37
MNIST,KM++greedy,28,0.0972498890821088,60000,10,557272.8746646778,0.13731575699499982,0.20887548591864824,0.3489039262148998,62
MNIST,KM++greedy,29,0.0972498890821088,60000,10,557320.7353862902,0.13735596683111642,0.2089029070348307,0.3494475288985359,19
MNIST,KM++greedy,30,0.0972498890821088,60000,10,567319.8991052436,0.13237998062783415,0.20577701760464331,0.3593184016305878,26
MNIST,KM++greedy,31,0.0972498890821088,60000,10,557397.8184409551,0.13791085099424152,0.20895937722767102,0.3479575056291619,77
MNIST,KM++greedy,32,0.0972498890821088,60000,10,568960.6138602208,0.14196234538843172,0.21465802807333279,0.34577593292040865,41
MNIST,KM++greedy,33,0.0972498890821088,60000,10,557416.856425831,0.13760245943605728,0.20892999492057382,0.3494231735841243,25
MNIST,KM++greedy,34,0.0972498890821088,60000,10,557670.6226162625,0.135567259392289,0.2077444521741794,0.3505790781885052,70
MNIST,KM++greedy,35,0.0972498890821088,60000,10,568030.0334596682,0.12745885374730506,0.20425002706405268,0.3543465751337003,34
MNIST,KM++greedy,36,0.0972498890821088,60000,10,567271.8537602733,0.13842361120593813,0.20990835038493247,0.35954995586646027,29
MNIST,KM++greedy,37,0.0972498890821088,60000,10,557271.4473802056,0.1367159203761983,0.20864146173816203,0.34915177554318005,58
MNIST,KM++greedy,38,0.0972498890821088,60000,10,557714.5341175462,0.13839509832535404,0.2095861667605485,0.34689383930391016,31
MNIST,KM++greedy,39,0.0972498890821088,60000,10,567588.2267743029,0.13677852346354946,0.20834644861665869,0.35974863292527276,18
MNIST,KM++greedy,40,0.0972498890821088,60000,10,557640.4944567009,0.13571078598273353,0.20792296002172034,0.35062088250647333,74
MNIST,KM++greedy,41,0.0972498890821088,60000,10,557282.0804188882,0.1377721171213443,0.20906313757430534,0.3483539570994281,40
MNIST,KM++greedy,42,0.0972498890821088,60000,10,557597.1528854484,0.13844719935918032,0.20943364942073076,0.34723661993903626,27
MNIST,KM++greedy,43,0.0972498890821088,60000,10,557755.0396316075,0.13525158148568364,0.2075291383871421,0.35063252876074313,67
MNIST,KM++greedy,44,0.0972498890821088,60000,10,557649.3733922482,0.1382744249172354,0.20941255015857235,0.34707115940649,20
MNIST,KM++greedy,45,0.0972498890821088,60000,10,570788.5042447757,0.11262125054359805,0.20159103104000253,0.3326118188041691,23
MNIST,KM++greedy,46,0.0972498890821088,60000,10,557251.9631199049,0.13686011053521177,0.20867831727517583,0.3490270943529157,49
MNIST,KM++greedy,47,0.0972498890821088,60000,10,557438.2815226503,0.13755270188767324,0.20896232007628196,0.34955376135527877,23
MNIST,KM++greedy,48,0.0972498890821088,60000,10,557673.8417548529,0.13547570011162113,0.20760596619883837,0.35033766252689685,48
MNIST,KM++greedy,49,0.0972498890821088,60000,10,557308.4001569488,0.1367960846651884,0.2086880178374147,0.35049497097965543,64
MNIST,BF-refine,0,0.0972498890821088,60000,10,557482.5542643359,0.13609875624282666,0.2082592640120741,0.35098712371810836,9
MNIST,BF-refine,1,0.0972498890821088,60000,10,557635.8340044346,0.13573002721098015,0.20799867954123785,0.35057740543902666,56
MNIST,BF-refine,2,0.0972498890821088,60000,10,557569.8738965885,0.13598539222550057,0.20804356757668316,0.35106599224387547,69
MNIST,BF-refine,3,0.0972498890821088,60000,10,557485.7700970046,0.13817803294306893,0.2091635122521594,0.347411776636919,13
MNIST,BF-refine,4,0.0972498890821088,60000,10,557622.7548044667,0.13777590614910623,0.20890866827722412,0.3477331676758784,14
MNIST,BF-refine,5,0.0972498890821088,60000,10,557281.1039151405,0.1366755724594019,0.2086561467073443,0.35052863658729605,6
MNIST,BF-refine,6,0.0972498890821088,60000,10,557295.7747559793,0.1372415128568268,0.20885447657189388,0.34939230638922925,11
MNIST,BF-refine,7,0.0972498890821088,60000,10,557250.4984237613,0.1372071259170239,0.2088296010496587,0.34956868817350745,20
MNIST,BF-refine,8,0.0972498890821088,60000,10,557557.6307275784,0.13758738513469276,0.20879842313537744,0.348244257362399,8
MNIST,BF-refine,9,0.0972498890821088,60000,10,557581.7248367341,0.13592605503045282,0.2080396559036873,0.35108166205040753,23
MNIST,BF-refine,10,0.0972498890821088,60000,10,557498.1661946077,0.13660664880479664,0.20853310756999238,0.350724202828691,14
MNIST,BF-refine,11,0.0972498890821088,60000,10,557533.0076682693,0.13765241272257725,0.20884919700840018,0.34811606042658716,14
MNIST,BF-refine,12,0.0972498890821088,60000,10,557616.4025682077,0.13575041762916826,0.20790375254942264,0.3508432681681425,20
MNIST,BF-refine,13,0.0972498890821088,60000,10,557593.5479149368,0.13601830820907584,0.20808220932579252,0.350772487910662,21
MNIST,BF-refine,14,0.0972498890821088,60000,10,557265.8102106694,0.13685810758762995,0.20876072767935017,0.34909724783077556,10
MNIST,BF-refine,15,0.0972498890821088,60000,10,557250.31415847,0.13702789587323716,0.2088441357026476,0.35023007215517016,16
MNIST,BF-refine,16,0.0972498890821088,60000,10,557570.8190071767,0.1357680017348233,0.20795299599858685,0.3512306157762394,15
MNIST,BF-refine,17,0.0972498890821088,60000,10,557426.5333198206,0.1363628013967175,0.2084146372563985,0.35115508772779885,18
MNIST,BF-refine,18,0.0972498890821088,60000,10,557791.8351219179,0.13512614573416334,0.20751635193629317,0.35075638932530184,13
MNIST,BF-refine,19,0.0972498890821088,60000,10,557588.6022713702,0.13581633368395146,0.20789004899474053,0.3507592161648607,21
MNIST,BF-refine,20,0.0972498890821088,60000,10,557581.5682479587,0.13603244240404544,0.20812999006953237,0.3507932257102847,53
MNIST,BF-refine,21,0.0972498890821088,60000,10,557238.0212661141,0.1369275240469879,0.20868033026938085,0.349186003095176,11
MNIST,BF-refine,22,0.0972498890821088,60000,10,557568.878672984,0.13598162467639932,0.20807714960076593,0.35107929095424845,63
MNIST,BF-refine,23,0.0972498890821088,60000,10,557311.9979239294,0.13704309867230677,0.2086946989743365,0.3494490855595037,22
MNIST,BF-refine,24,0.0972498890821088,60000,10,557655.4682013667,0.13566596378632617,0.207922532047788,0.35048407625318734,65
MNIST,BF-refine,25,0.0972498890821088,60000,10,557663.7173376944,0.13563910954070282,0.2078662200841408,0.3506341100985071,54
MNIST,BF-refine,26,0.0972498890821088,60000,10,557323.2695885963,0.13740982408423946,0.20881734374127991,0.34910296555588194,12
MNIST,BF-refine,27,0.0972498890821088,60000,10,557435.1329421096,0.1365241086043796,0.2086145180787969,0.35112210258778953,17
MNIST,BF-refine,28,0.0972498890821088,60000,10,557734.2081815122,0.1354877580093428,0.2077155806692062,0.3507225542538486,35
MNIST,BF-refine,29,0.0972498890821088,60000,10,557520.6967646346,0.13777139858059914,0.20869763767784963,0.3477709051821894,7
MNIST,BF-refine,30,0.0972498890821088,60000,10,557570.2221863348,0.13557618136892888,0.20760995601785984,0.3509547215792968,9
MNIST,BF-refine,31,0.0972498890821088,60000,10,557611.1146149784,0.13827133362853503,0.2094074582637811,0.3471967035403118,11
MNIST,BF-refine,32,0.0972498890821088,60000,10,557574.6174695728,0.13596025249086424,0.20804309471129814,0.3509321267452699,70
MNIST,BF-refine,33,0.0972498890821088,60000,10,557389.5793283323,0.13671411765871253,0.20859030419689042,0.35081306474304647,18
MNIST,BF-refine,34,0.0972498890821088,60000,10,557588.0313806192,0.13593786423381243,0.20813173593990897,0.3508160716433612,43
MNIST,BF-refine,35,0.0972498890821088,60000,10,557378.3423483524,0.13793543671214237,0.20907804613667227,0.3488926155041415,9
MNIST,BF-refine,36,0.0972498890821088,60000,10,557579.2172006592,0.1359458229285306,0.2080647945853403,0.3510427371753189,21
MNIST,BF-refine,37,0.0972498890821088,60000,10,557209.4784464638,0.13754793137929253,0.20892248689192064,0.3490297303781662,10
MNIST,BF-refine,38,0.0972498890821088,60000,10,557607.1469800792,0.13565262280075352,0.2077006475863833,0.35036110305663853,10
MNIST,BF-refine,39,0.0972498890821088,60000,10,557640.3316380753,0.13801657995394187,0.20914883894000533,0.3472664127244467,14
MNIST,BF-refine,40,0.0972498890821088,60000,10,557313.2807975047,0.13660408764476192,0.2084211527307428,0.35033352433890874,11
MNIST,BF-refine,41,0.0972498890821088,60000,10,557248.8388065301,0.13709211879818134,0.2087820042964328,0.34983636145616603,33
MNIST,BF-refine,42,0.0972498890821088,60000,10,557191.0307271022,0.1372116200261991,0.2087590118016325,0.34940163726442786,18
MNIST,BF-refine,43,0.0972498890821088,60000,10,557635.0130554372,0.13576732962443863,0.20799878650487205,0.3506126573016583,74
MNIST,BF-refine,44,0.0972498890821088,60000,10,557428.939997083,0.13764712903714843,0.2087327285607021,0.3480239045736881,9
MNIST,BF-refine,45,0.0972498890821088,60000,10,557236.1999819524,0.13703571889823954,0.20872685536860475,0.3492886298850283,11
MNIST,BF-refine,46,0.0972498890821088,60000,10,557725.6648474927,0.135377525507943,0.20765563229774028,0.3507623045080813,51
MNIST,BF-refine,47,0.0972498890821088,60000,10,557682.3577680687,0.1356479978755305,0.20779284976038545,0.3502863196072701,20
MNIST,BF-refine,48,0.0972498890821088,60000,10,557552.0141688134,0.13557003854525695,0.20777937121400675,0.3511262859301609,8
MNIST,BF-refine,49,0.0972498890821088,60000,10,557580.0087000781,0.13572349772984774,0.20791437763260381,0.3509393926893597,16
MNIST,KM-random,0,0.0972498890821088,60000,10,557706.2823330271,0.13826665085785916,0.20946755801537018,0.3470736484350155,46
MNIST,KM-random,1,0.0972498890821088,60000,10,557269.3348257131,0.13690561197991918,0.20866911045030764,0.3490782392488592,64
MNIST,KM-random,2,0.0972498890821088,60000,10,557341.190745349,0.13677620283631933,0.20863742953612072,0.34903713581076873,49
MNIST,KM-random,3,0.0972498890821088,60000,10,568942.5451829531,0.12468179996215951,0.20319598372131473,0.3509352011041564,33
MNIST,KM-random,4,0.0972498890821088,60000,10,557733.9764772609,0.13838491957319396,0.20953489942524806,0.3465391085456342,39
MNIST,KM-random,5,0.0972498890821088,60000,10,557283.1764209839,0.13762999856165853,0.2088618145407445,0.34875643582493104,30
MNIST,KM-random,6,0.0972498890821088,60000,10,557648.2503591529,0.13567917823817216,0.20772545457905328,0.3500739439942927,48
MNIST,KM-random,7,0.0972498890821088,60000,10,557387.9200022877,0.13707762027213838,0.20881961077701602,0.34898545436272915,33
MNIST,KM-random,8,0.0972498890821088,60000,10,557264.884810325,0.13712271693139264,0.20867210473920192,0.3492955889551874,49
MNIST,KM-random,9,0.0972498890821088,60000,10,557534.0061006926,0.13641283281115543,0.2082992089912398,0.34990542613915504,66
MNIST,KM-random,10,0.0972498890821088,60000,10,557682.6256826287,0.1355322790027314,0.20773168210877363,0.35006838857996647,105
MNIST,KM-random,11,0.0972498890821088,60000,10,567413.042639559,0.1394217351723482,0.21253462762347092,0.3431616028920154,41
MNIST,KM-random,12,0.0972498890821088,60000,10,557528.6348724334,0.1385657027717866,0.20935484322973677,0.3472901675289757,30
MNIST,KM-random,13,0.0972498890821088,60000,10,568871.3918714959,0.12528787769487854,0.20352758915612681,0.3509640192040494,56
MNIST,KM-random,14,0.0972498890821088,60000,10,557260.3819329542,0.13689428654582542,0.20860668937977642,0.34902713628989296,56
MNIST,KM-random,15,0.0972498890821088,60000,10,557622.8485889498,0.1385463538157265,0.20934230443921997,0.3469295044515715,41
MNIST,KM-random,16,0.0972498890821088,60000,10,557317.0224762004,0.13711055061130872,0.208798970454468,0.34917622931770365,35
MNIST,KM-random,17,0.0972498890821088,60000,10,557678.8322379049,0.13555194900138143,0.2077467446013962,0.350541606541097,63
MNIST,KM-random,18,0.0972498890821088,60000,10,569584.8538108448,0.14470446840758386,0.21526902945480364,0.34850201170566664,23
MNIST,KM-random,19,0.0972498890821088,60000,10,570880.4678564804,0.11371160012894599,0.2012391610747089,0.3324019774900865,27
MNIST,KM-random,20,0.0972498890821088,60000,10,557594.5986119163,0.1384292418546381,0.2094710876104764,0.34722091638984376,52
MNIST,KM-random,21,0.0972498890821088,60000,10,557666.20716841,0.1356056007616732,0.20777989104630823,0.3504993701732177,62
MNIST,KM-random,22,0.0972498890821088,60000,10,557257.783429913,0.13671490522547494,0.20865231023623743,0.34911768018764416,46
MNIST,KM-random,23,0.0972498890821088,60000,10,557249.6898296602,0.1370093742477135,0.20873570524578008,0.34899610504253703,47
MNIST,KM-random,24,0.0972498890821088,60000,10,557707.54311356,0.13833997297690748,0.20955648929526824,0.34690843107385577,65
MNIST,KM-random,25,0.0972498890821088,60000,10,557673.9228451346,0.13562876633055954,0.20787472708989288,0.3505603586904295,46
MNIST,KM-random,26,0.0972498890821088,60000,10,557402.1240751809,0.13794057908367668,0.20910678679753036,0.3488176152068776,27
MNIST,KM-random,27,0.0972498890821088,60000,10,557743.7615655165,0.1353281706684147,0.20760561309942352,0.35064926759614845,149
MNIST,KM-random,28,0.0972498890821088,60000,10,557246.2378181587,0.13706793299726147,0.20879728198210995,0.3491805290235246,92
MNIST,KM-random,29,0.0972498890821088,60000,10,571044.4735121849,0.11681389127972291,0.20213574604721224,0.33452150934264985,34
MNIST,KM-random,30,0.0972498890821088,60000,10,557521.9222933411,0.13859421378339573,0.20934317118822438,0.34713274749496836,27
MNIST,KM-random,31,0.0972498890821088,60000,10,557233.2331451485,0.13735760602576652,0.2088829539705541,0.34916793444631594,24
MNIST,KM-random,32,0.0972498890821088,60000,10,557721.5557389113,0.13836130717715184,0.20949802702992223,0.34695648929772804,72
MNIST,KM-random,33,0.0972498890821088,60000,10,557719.8751582046,0.13835083367002593,0.20946795783060726,0.34678068540322327,48
MNIST,KM-random,34,0.0972498890821088,60000,10,568892.8726566439,0.12559802578859847,0.20392786633840906,0.3508747477798496,38
MNIST,KM-random,35,0.0972498890821088,60000,10,557559.1285559316,0.13814463238604374,0.209179987364984,0.347622928555263,58
MNIST,KM-random,36,0.0972498890821088,60000,10,557657.6612071022,0.13799504315749533,0.20898841289123057,0.34794086237190136,24
MNIST,KM-random,37,0.0972498890821088,60000,10,557727.047248814,0.13845516287960333,0.20960528218283736,0.34673182152266846,37
MNIST,KM-random,38,0.0972498890821088,60000,10,567875.3023440453,0.13109414485362123,0.20554564898634617,0.35636520675075617,29
MNIST,KM-random,39,0.0972498890821088,60000,10,557667.3220784366,0.13563581295555568,0.20782134284075232,0.3504993701732177,61
MNIST,KM-random,40,0.0972498890821088,60000,10,557394.7934070025,0.13704737975053696,0.20886287614233645,0.34910679065272504,36
MNIST,KM-random,41,0.0972498890821088,60000,10,567424.1360499772,0.13339676520506052,0.20632877396097463,0.35916830112842424,43
MNIST,KM-random,42,0.0972498890821088,60000,10,557234.0355457956,0.1370177288156104,0.20876202143622977,0.34913169214949846,94
MNIST,KM-random,43,0.0972498890821088,60000,10,557655.3506350423,0.13556806077629674,0.20763210533026258,0.3502318745628616,77
MNIST,KM-random,44,0.0972498890821088,60000,10,557691.472226721,0.13826622421975063,0.2092669942959184,0.347569449863522,37
MNIST,KM-random,45,0.0972498890821088,60000,10,569596.3686996035,0.14431182749933377,0.21592198778002386,0.3466462808907578,23
MNIST,KM-random,46,0.0972498890821088,60000,10,557359.6912494724,0.13787568029005304,0.20933487166046455,0.3494516694642714,25
MNIST,KM-random,47,0.0972498890821088,60000,10,557264.1192788611,0.1381706437520171,0.20942040866174325,0.3483023340628287,30
MNIST,KM-random,48,0.0972498890821088,60000,10,557659.7446338928,0.13602699464168566,0.20805209165288108,0.3496788135594161,38
MNIST,KM-random,49,0.0972498890821088,60000,10,567343.4788666043,0.13190566655033711,0.20589202838011886,0.3574753661511468,32
Birch-rg1,CCKM,-1,1.0,100000,100,1646.4197804318962,,,0.41720958902285893,51
Birch-rg1,Maxmin,-1,1.0,100000,100,1681.6906607322196,,,0.39958077426914007,46
Birch-rg1,KM++,0,1.0,100000,100,1529.934635738066,,,0.4222942116389411,30
Birch-rg1,KM++,1,1.0,100000,100,1523.7525558098812,,,0.42457585363798417,29
Birch-rg1,KM++,2,1.0,100000,100,1488.6033797080445,,,0.4290467922724162,32
Birch-rg1,KM++,3,1.0,100000,100,1490.2299031062025,,,0.42923067528151687,63
Birch-rg1,KM++,4,1.0,100000,100,1485.5787961138635,,,0.4244151174264902,22
Birch-rg1,KM++,5,1.0,100000,100,1449.6754489122848,,,0.43843266061631003,27
Birch-rg1,KM++,6,1.0,100000,100,1496.4103724816232,,,0.43004179480825105,24
Birch-rg1,KM++,7,1.0,100000,100,1526.1383822080697,,,0.42516327736607984,17
Birch-rg1,KM++,8,1.0,100000,100,1522.4987747676062,,,0.4239331626381106,31
Birch-rg1,KM++,9,1.0,100000,100,1558.2339792162845,,,0.42121872700095236,22
Birch-rg1,KM++,10,1.0,100000,100,1456.5206539667993,,,0.4323288230763234,26
Birch-rg1,KM++,11,1.0,100000,100,1498.703308195933,,,0.42485075051140647,20
Birch-rg1,KM++,12,1.0,100000,100,1491.36810324683,,,0.42667907304166863,49
Birch-rg1,KM++,13,1.0,100000,100,1492.0939838935803,,,0.425699729458881,19
Birch-rg1,KM++,14,1.0,100000,100,1569.7365082812803,,,0.41137827189020115,23
Birch-rg1,KM++,15,1.0,100000,100,1570.8289508852672,,,0.4173659344370157,24
Birch-rg1,KM++,16,1.0,100000,100,1533.0057515828785,,,0.42181456973017767,20
Birch-rg1,KM++,17,1.0,100000,100,1603.7083283420575,,,0.4060062768261757,24
Birch-rg1,KM++,18,1.0,100000,100,1523.0976293100523,,,0.42125085431286663,27
Birch-rg1,KM++,19,1.0,100000,100,1458.9997171990797,,,0.43305497924645825,23
Birch-rg1,KM++,20,1.0,100000,100,1381.3055509712187,,,0.4439253037504488,53
Birch-rg1,KM++,21,1.0,100000,100,1528.2589289308319,,,0.42095594448009344,31
Birch-rg1,KM++,22,1.0,100000,100,1601.2789194975653,,,0.41674502577263084,38
Birch-rg1,KM++,23,1.0,100000,100,1460.8306869956384,,,0.42999036001981605,16
Birch-rg1,KM++,24,1.0,100000,100,1522.8284248399718,,,0.4243391049665176,43
Birch-rg1,KM++,25,1.0,100000,100,1420.9948696902409,,,0.44041664006388476,16
Birch-rg1,KM++,26,1.0,100000,100,1566.5472941233984,,,0.41622858373513744,29
Birch-rg1,KM++,27,1.0,100000,100,1454.6411462784706,,,0.42930465143834173,39
Birch-rg1,KM++,28,1.0,100000,100,1418.250916651119,,,0.44170952703374006,45
Birch-rg1,KM++,29,1.0,100000,100,1568.7477337031848,,,0.41901984977102913,19
Birch-rg1,KM++,30,1.0,100000,100,1494.3772580655648,,,0.42540596100957334,36
Birch-rg1,KM++,31,1.0,100000,100,1491.148188661365,,,0.4296111347259031,29
Birch-rg1,KM++,32,1.0,100000,100,1490.375036342401,,,0.4262786577647814,36
Birch-rg1,KM++,33,1.0,100000,100,1567.891581301235,,,0.418829918053905,20
Birch-rg1,KM++,34,1.0,100000,100,1420.8242400170868,,,0.43760013754649424,21
Birch-rg1,KM++,35,1.0,100000,100,1566.1501034559546,,,0.4184090621541836,23
Birch-rg1,KM++,36,1.0,100000,100,1495.3275458608773,,,0.4250767183553796,28
Birch-rg1,KM++,37,1.0,100000,100,1420.1067840056398,,,0.4394341876222152,42
Birch-rg1,KM++,38,1.0,100000,100,1416.280313524687,,,0.4379279174380031,40
Birch-rg1,KM++,39,1.0,100000,100,1527.9557769281287,,,0.42294186259112865,21
Birch-rg1,KM++,40,1.0,100000,100,1459.7482058122312,,,0.4340741308769706,22
Birch-rg1,KM++,41,1.0,100000,100,1529.7696033186567,,,0.42382333650162235,46
Birch-rg1,KM++,42,1.0,100000,100,1494.0379357997197,,,0.4288578633771348,18
Birch-rg1,KM++,43,1.0,100000,100,1490.1227988555884,,,0.4258631518520173,39
Birch-rg1,KM++,44,1.0,100000,100,1526.6080420458438,,,0.41968976696016796,19
Birch-rg1,KM++,45,1.0,100000,100,1525.3790127247814,,,0.4156939108592093,24
Birch-rg1,KM++,46,1.0,100000,100,1484.565844072451,,,0.42696636152639456,36
Birch-rg1,KM++,47,1.0,100000,100,1521.5947037175313,,,0.42294417376907467,57
Birch-rg1,KM++,48,1.0,100000,100,1424.1472363479234,,,0.43762286852566795,14
Birch-rg1,KM++,49,1.0,100000,100,1454.5240761755438,,,0.43758384585084514,32
Birch-rg1,KM++greedy,0,1.0,100000,100,1452.0828515470007,,,0.4328573618071632,24
Birch-rg1,KM++greedy,1,1.0,100000,100,1424.3390887923197,,,0.4390037240853871,18
Birch-rg1,KM++greedy,2,1.0,100000,100,1491.3179888492143,,,0.4299878960743892,11
Birch-rg1,KM++greedy,3,1.0,100000,100,1420.2473289316504,,,0.4385258948755014,9
Birch-rg1,KM++greedy,4,1.0,100000,100,1383.170209546989,,,0.44618619238967233,22
Birch-rg1,KM++greedy,5,1.0,100000,100,1382.3738666247311,,,0.44290121707435465,15
Birch-rg1,KM++greedy,6,1.0,100000,100,1418.32366625866,,,0.44163705527271496,25
Birch-rg1,KM++greedy,7,1.0,100000,100,1419.804958702293,,,0.43571958284484863,19
Birch-rg1,KM++greedy,8,1.0,100000,100,1489.49563273469,,,0.42705310874656516,25
Birch-rg1,KM++greedy,9,1.0,100000,100,1418.7392571602356,,,0.43707371637289144,9
Birch-rg1,KM++greedy,10,1.0,100000,100,1382.812329719857,,,0.44292015943189456,11
Birch-rg1,KM++greedy,11,1.0,100000,100,1417.9972394293388,,,0.4401585159709337,16
Birch-rg1,KM++greedy,12,1.0,100000,100,1384.6393024196016,,,0.44147972128764507,23
Birch-rg1,KM++greedy,13,1.0,100000,100,1385.6778522285178,,,0.4435769126816604,35
Birch-rg1,KM++greedy,14,1.0,100000,100,1384.0255794018349,,,0.44694473907223237,16
Birch-rg1,KM++greedy,15,1.0,100000,100,1453.1422560072294,,,0.42833324864560635,18
Birch-rg1,KM++greedy,16,1.0,100000,100,1387.510021267234,,,0.4437571102610073,13
Birch-rg1,KM++greedy,17,1.0,100000,100,1451.9597421352157,,,0.42902551343691536,26
Birch-rg1,KM++greedy,18,1.0,100000,100,1417.485486522724,,,0.43662441495460125,28
Birch-rg1,KM++greedy,19,1.0,100000,100,1419.7439557380108,,,0.441073605201547,15
Birch-rg1,KM++greedy,20,1.0,100000,100,1420.1597811410945,,,0.4388998676327126,19
Birch-rg1,KM++greedy,21,1.0,100000,100,1417.8166264129022,,,0.4377245881746968,28
Birch-rg1,KM++greedy,22,1.0,100000,100,1455.3439047695713,,,0.4325715766391768,16
Birch-rg1,KM++greedy,23,1.0,100000,100,1419.3239658564034,,,0.43629294082254155,13
Birch-rg1,KM++greedy,24,1.0,100000,100,1424.5412043311,,,0.43576452375331226,13
Birch-rg1,KM++greedy,25,1.0,100000,100,1419.380004288511,,,0.43814338188552276,30
Birch-rg1,KM++greedy,26,1.0,100000,100,1386.6823744022136,,,0.4450761089612827,13
Birch-rg1,KM++greedy,27,1.0,100000,100,1384.7214464494866,,,0.4421865721018475,9
Birch-rg1,KM++greedy,28,1.0,100000,100,1422.713006342777,,,0.4381960497870892,24
Birch-rg1,KM++greedy,29,1.0,100000,100,1423.462723050251,,,0.43785948243687234,22
Birch-rg1,KM++greedy,30,1.0,100000,100,1417.957561787274,,,0.44011141811336285,27
Birch-rg1,KM++greedy,31,1.0,100000,100,1456.481550438864,,,0.43287116957368327,21
Birch-rg1,KM++greedy,32,1.0,100000,100,1383.411392139804,,,0.4464212998854724,14
Birch-rg1,KM++greedy,33,1.0,100000,100,1350.871113280938,,,0.45052507152080346,10
Birch-rg1,KM++greedy,34,1.0,100000,100,1423.490253121911,,,0.4412291219525036,12
Birch-rg1,KM++greedy,35,1.0,100000,100,1452.0778377364957,,,0.4339192442486388,7
Birch-rg1,KM++greedy,36,1.0,100000,100,1459.6062517339053,,,0.4349619352353113,9
Birch-rg1,KM++greedy,37,1.0,100000,100,1417.544960556678,,,0.4380150038343303,11
Birch-rg1,KM++greedy,38,1.0,100000,100,1418.5413254706484,,,0.4397527211035405,16
Birch-rg1,KM++greedy,39,1.0,100000,100,1488.6615348741177,,,0.42889821074772344,9
Birch-rg1,KM++greedy,40,1.0,100000,100,1493.5077284516672,,,0.42667308008383126,16
Birch-rg1,KM++greedy,41,1.0,100000,100,1452.5341720598333,,,0.4336114697597767,11
Birch-rg1,KM++greedy,42,1.0,100000,100,1458.2271810759373,,,0.4342091096390628,16
Birch-rg1,KM++greedy,43,1.0,100000,100,1419.9365406271777,,,0.437362381843852,12
Birch-rg1,KM++greedy,44,1.0,100000,100,1457.2626624631816,,,0.43597609045550373,14
Birch-rg1,KM++greedy,45,1.0,100000,100,1420.0473086460129,,,0.4398015749611458,17
Birch-rg1,KM++greedy,46,1.0,100000,100,1383.0106293738068,,,0.4440751834924067,18
Birch-rg1,KM++greedy,47,1.0,100000,100,1417.6100228379248,,,0.43893354263084755,29
Birch-rg1,KM++greedy,48,1.0,100000,100,1455.8211583734799,,,0.43267915795762646,30
Birch-rg1,KM++greedy,49,1.0,100000,100,1453.1011280839246,,,0.43654644362456274,16
Birch-rg1,BF-refine,0,1.0,100000,100,1386.2956868867418,,,0.4443497015368845,5
Birch-rg1,BF-refine,1,1.0,100000,100,1380.8125121105838,,,0.44493354948267827,5
Birch-rg1,BF-refine,2,1.0,100000,100,1385.1220399104561,,,0.44512652370056277,4
Birch-rg1,BF-refine,3,1.0,100000,100,1350.2358462505886,,,0.45093115981605153,4
Birch-rg1,BF-refine,4,1.0,100000,100,1384.0797912504597,,,0.4427820854562476,5
Birch-rg1,BF-refine,5,1.0,100000,100,1383.8132488414506,,,0.44530511772626796,4
Birch-rg1,BF-refine,6,1.0,100000,100,1352.2631292489996,,,0.4491551234180806,3
Birch-rg1,BF-refine,7,1.0,100000,100,1384.468313717067,,,0.44208332057999605,5
Birch-rg1,BF-refine,8,1.0,100000,100,1386.9875076985718,,,0.443121239188678,6
Birch-rg1,BF-refine,9,1.0,100000,100,1350.2556729340606,,,0.4499696121043917,10
Birch-rg1,BF-refine,10,1.0,100000,100,1416.7905810278457,,,0.4384850419117256,4
Birch-rg1,BF-refine,11,1.0,100000,100,1383.9848728852535,,,0.4473190291902133,9
Birch-rg1,BF-refine,12,1.0,100000,100,1382.4940297966393,,,0.4443971446547896,4
Birch-rg1,BF-refine,13,1.0,100000,100,1385.1540088144436,,,0.4463857726846134,5
Birch-rg1,BF-refine,14,1.0,100000,100,1348.6560681098506,,,0.4521043117315466,4
Birch-rg1,BF-refine,15,1.0,100000,100,1383.9024178801471,,,0.4430662149586738,4
Birch-rg1,BF-refine,16,1.0,100000,100,1349.1598208409782,,,0.44928760324977374,5
Birch-rg1,BF-refine,17,1.0,100000,100,1352.5568901007855,,,0.4507646686000515,5
Birch-rg1,BF-refine,18,1.0,100000,100,1383.8411285501145,,,0.44101209062386904,9
Birch-rg1,BF-refine,19,1.0,100000,100,1414.8696660446294,,,0.44192292609097455,7
Birch-rg1,BF-refine,20,1.0,100000,100,1349.6388306110196,,,0.45108542827471404,4
Birch-rg1,BF-refine,21,1.0,100000,100,1382.5891690478416,,,0.4456185178398446,20
Birch-rg1,BF-refine,22,1.0,100000,100,1348.6804881336,,,0.4526565502552465,4
Birch-rg1,BF-refine,23,1.0,100000,100,1379.7229319641572,,,0.44649456334249005,7
Birch-rg1,BF-refine,24,1.0,100000,100,1347.2149476915029,,,0.4519877803353877,9
Birch-rg1,BF-refine,25,1.0,100000,100,1386.0438422551103,,,0.4418545942448398,6
Birch-rg1,BF-refine,26,1.0,100000,100,1386.6906190106154,,,0.44688987163282706,6
Birch-rg1,BF-refine,27,1.0,100000,100,1417.0683050523642,,,0.4389163835845522,5
Birch-rg1,BF-refine,28,1.0,100000,100,1383.6184377314748,,,0.4417934843355261,6
Birch-rg1,BF-refine,29,1.0,100000,100,1386.0737875609063,,,0.4420707922235737,11
Birch-rg1,BF-refine,30,1.0,100000,100,1346.4614707427245,,,0.4504456371230572,5
Birch-rg1,BF-refine,31,1.0,100000,100,1383.9484173462974,,,0.4434626388576768,8
Birch-rg1,BF-refine,32,1.0,100000,100,1381.996377301896,,,0.4459586409200974,5
Birch-rg1,BF-refine,33,1.0,100000,100,1420.7879801529314,,,0.4389761632072962,7
Birch-rg1,BF-refine,34,1.0,100000,100,1383.62112886707,,,0.4428539809360939,9
Birch-rg1,BF-refine,35,1.0,100000,100,1425.344685561724,,,0.4365494264976658,7
Birch-rg1,BF-refine,36,1.0,100000,100,1385.8659257013444,,,0.4430296694679912,9
Birch-rg1,BF-refine,37,1.0,100000,100,1351.8782636115154,,,0.4499946444247214,4
Birch-rg1,BF-refine,38,1.0,100000,100,1348.144475383287,,,0.45054485717515447,8
Birch-rg1,BF-refine,39,1.0,100000,100,1421.2000647152665,,,0.4392749687430938,9
Birch-rg1,BF-refine,40,1.0,100000,100,1313.9016036708408,,,0.4555644787305269,3
Birch-rg1,BF-refine,41,1.0,100000,100,1383.1697666863674,,,0.445735415528886,6
Birch-rg1,BF-refine,42,1.0,100000,100,1418.2097475298272,,,0.4400758193613493,5
Birch-rg1,BF-refine,43,1.0,100000,100,1383.2376464018587,,,0.44326943149276005,5
Birch-rg1,BF-refine,44,1.0,100000,100,1349.0881286180525,,,0.45123302192152476,4
Birch-rg1,BF-refine,45,1.0,100000,100,1389.3853957106915,,,0.44569103681625477,7
Birch-rg1,BF-refine,46,1.0,100000,100,1420.3397856248876,,,0.43682058116980205,4
Birch-rg1,BF-refine,47,1.0,100000,100,1421.228085147882,,,0.4402057576135956,8
Birch-rg1,BF-refine,48,1.0,100000,100,1381.223852631476,,,0.44640226403934796,4
Birch-rg1,BF-refine,49,1.0,100000,100,1348.93283757235,,,0.4506704367848729,4
Birch-rg1,KM-random,0,1.0,100000,100,1599.1483078779502,,,0.416024750707474,78
Birch-rg1,KM-random,1,1.0,100000,100,1632.6577704808574,,,0.41399724849502784,39
Birch-rg1,KM-random,2,1.0,100000,100,1526.6518177209336,,,0.4246148351889403,27
Birch-rg1,KM-random,3,1.0,100000,100,1604.1411529275094,,,0.4086562264820596,40
Birch-rg1,KM-random,4,1.0,100000,100,1642.740863115092,,,0.4088906222318,46
Birch-rg1,KM-random,5,1.0,100000,100,1560.568498211352,,,0.41923395034690675,38
Birch-rg1,KM-random,6,1.0,100000,100,1721.7495844239372,,,0.40077401157092696,49
Birch-rg1,KM-random,7,1.0,100000,100,1495.706929959028,,,0.42479308486069794,68
Birch-rg1,KM-random,8,1.0,100000,100,1574.662260601614,,,0.4155394536208282,33
Birch-rg1,KM-random,9,1.0,100000,100,1567.6086766275052,,,0.418583630557242,52
Birch-rg1,KM-random,10,1.0,100000,100,1705.2758699986869,,,0.40763828994269824,36
Birch-rg1,KM-random,11,1.0,100000,100,1490.7066552745264,,,0.42811767732012196,34
Birch-rg1,KM-random,12,1.0,100000,100,1565.6701758406978,,,0.42010066875943447,40
Birch-rg1,KM-random,13,1.0,100000,100,1532.1100299902766,,,0.4293215792139239,42
Birch-rg1,KM-random,14,1.0,100000,100,1605.0332644284545,,,0.4141590886734466,43
Birch-rg1,KM-random,15,1.0,100000,100,1529.424252121841,,,0.41989884811554296,42
Birch-rg1,KM-random,16,1.0,100000,100,1562.6967255683555,,,0.42002010129419876,38
Birch-rg1,KM-random,17,1.0,100000,100,1595.1572972745475,,,0.4144960174276167,41
Birch-rg1,KM-random,18,1.0,100000,100,1568.325493360637,,,0.4229862787017848,45
Birch-rg1,KM-random,19,1.0,100000,100,1563.3104976310544,,,0.4144631723546711,26
Birch-rg1,KM-random,20,1.0,100000,100,1570.4043585870822,,,0.41502825902437834,32
Birch-rg1,KM-random,21,1.0,100000,100,1680.9529792867631,,,0.4050905402935694,63
Birch-rg1,KM-random,22,1.0,100000,100,1600.5928496924996,,,0.41314100127270015,44
Birch-rg1,KM-random,23,1.0,100000,100,1486.1312884966449,,,0.42899024748332215,43
Birch-rg1,KM-random,24,1.0,100000,100,1602.0431152487247,,,0.4105519859935313,40
Birch-rg1,KM-random,25,1.0,100000,100,1679.024043603285,,,0.39881847044842417,29
Birch-rg1,KM-random,26,1.0,100000,100,1602.6411939886436,,,0.4133996912650464,39
Birch-rg1,KM-random,27,1.0,100000,100,1600.4697968264297,,,0.41249954148333484,50
Birch-rg1,KM-random,28,1.0,100000,100,1529.9229714566864,,,0.41933572048904044,33
Birch-rg1,KM-random,29,1.0,100000,100,1574.2401680726323,,,0.4156481903959893,43
Birch-rg1,KM-random,30,1.0,100000,100,1590.5843165396684,,,0.4226460924381814,54
Birch-rg1,KM-random,31,1.0,100000,100,1495.7946979246688,,,0.428564826577707,48
Birch-rg1,KM-random,32,1.0,100000,100,1571.0307946118746,,,0.41647327890647046,24
Birch-rg1,KM-random,33,1.0,100000,100,1489.9884279915539,,,0.4277255837420729,42
Birch-rg1,KM-random,34,1.0,100000,100,1570.9568413568736,,,0.4201836115177891,29
Birch-rg1,KM-random,35,1.0,100000,100,1600.6366429182276,,,0.4121429195339988,72
Birch-rg1,KM-random,36,1.0,100000,100,1575.76749287651,,,0.4174773740868366,27
Birch-rg1,KM-random,37,1.0,100000,100,1486.9983988441356,,,0.4279067555165833,31
Birch-rg1,KM-random,38,1.0,100000,100,1601.2922434167306,,,0.417074599343865,49
Birch-rg1,KM-random,39,1.0,100000,100,1687.9657099916685,,,0.403270036338466,50
Birch-rg1,KM-random,40,1.0,100000,100,1612.6237328366772,,,0.41330189762348346,47
Birch-rg1,KM-random,41,1.0,100000,100,1561.1534809577022,,,0.4181896084127441,26
Birch-rg1,KM-random,42,1.0,100000,100,1604.352284745754,,,0.4143219178430341,37
Birch-rg1,KM-random,43,1.0,100000,100,1612.2856697258424,,,0.4124285086711663,33
Birch-rg1,KM-random,44,1.0,100000,100,1495.7011830026372,,,0.428935650424643,24
Birch-rg1,KM-random,45,1.0,100000,100,1640.7254762774114,,,0.41098912761991196,48
Birch-rg1,KM-random,46,1.0,100000,100,1534.1006814759967,,,0.4260608265247806,41
Birch-rg1,KM-random,47,1.0,100000,100,1572.802263940509,,,0.41826382409755286,36
Birch-rg1,KM-random,48,1.0,100000,100,1635.3673133410339,,,0.4067611038926129,23
Birch-rg1,KM-random,49,1.0,100000,100,1567.5634598324025,,,0.4158259772083831,57
Birch-rg2,CCKM,-1,1.0,100000,100,716.4096324733723,,,0.552960477010186,76
Birch-rg2,Maxmin,-1,1.0,100000,100,269.29356573007624,,,0.5771847180803404,21
Birch-rg2,KM++,0,1.0,100000,100,281.08863448947466,,,0.5782994417513954,14
Birch-rg2,KM++,1,1.0,100000,100,273.55894654335975,,,0.5849053966686825,8
Birch-rg2,KM++,2,1.0,100000,100,281.6573776622356,,,0.5785847991166738,9
Birch-rg2,KM++,3,1.0,100000,100,273.1998126116127,,,0.5790414032020226,21
Birch-rg2,KM++,4,1.0,100000,100,288.52766701407046,,,0.5760361430911072,12
Birch-rg2,KM++,5,1.0,100000,100,297.0388195523849,,,0.5794427060326216,11
Birch-rg2,KM++,6,1.0,100000,100,282.5223834100885,,,0.5791745571930623,23
Birch-rg2,KM++,7,1.0,100000,100,271.21338691901974,,,0.5759088656921072,16
Birch-rg2,KM++,8,1.0,100000,100,271.2478745382592,,,0.582554859091914,10
Birch-rg2,KM++,9,1.0,100000,100,257.01345781321186,,,0.5816645174649051,26
Birch-rg2,KM++,10,1.0,100000,100,282.56879422180265,,,0.5792050580863028,25
Birch-rg2,KM++,11,1.0,100000,100,273.3851948707088,,,0.5793458418782111,13
Birch-rg2,KM++,12,1.0,100000,100,297.30793998304983,,,0.5775846628255968,21
Birch-rg2,KM++,13,1.0,100000,100,265.6966206925443,,,0.5858939513948045,17
Birch-rg2,KM++,14,1.0,100000,100,278.31189130068987,,,0.5758535772975182,15
Birch-rg2,KM++,15,1.0,100000,100,256.18826752564803,,,0.5863063162883271,26
Birch-rg2,KM++,16,1.0,100000,100,267.9524564921559,,,0.5816995404035592,25
Birch-rg2,KM++,17,1.0,100000,100,283.4652497176913,,,0.5878625274784779,9
Birch-rg2,KM++,18,1.0,100000,100,284.10456922764166,,,0.5793793677740948,14
Birch-rg2,KM++,19,1.0,100000,100,284.8922090619679,,,0.586022668736248,13
Birch-rg2,KM++,20,1.0,100000,100,264.48047107979215,,,0.5877526022469302,12
Birch-rg2,KM++,21,1.0,100000,100,273.85952337380417,,,0.5812626722926046,9
Birch-rg2,KM++,22,1.0,100000,100,271.7186673674516,,,0.5833006777135799,16
Birch-rg2,KM++,23,1.0,100000,100,263.1866948759996,,,0.5830643025499332,12
Birch-rg2,KM++,24,1.0,100000,100,284.4874035581522,,,0.5796800497183523,27
Birch-rg2,KM++,25,1.0,100000,100,284.83687512555775,,,0.5840413037666858,14
Birch-rg2,KM++,26,1.0,100000,100,270.0370019851472,,,0.5825286734663983,29
Birch-rg2,KM++,27,1.0,100000,100,268.13770709638095,,,0.5842582019500896,11
Birch-rg2,KM++,28,1.0,100000,100,277.5828960490192,,,0.5808151974409342,17
Birch-rg2,KM++,29,1.0,100000,100,271.34896619067155,,,0.5829048015948657,12
Birch-rg2,KM++,30,1.0,100000,100,301.71060927130077,,,0.5834279251787663,12
Birch-rg2,KM++,31,1.0,100000,100,263.51150466331393,,,0.5833877105198869,13
Birch-rg2,KM++,32,1.0,100000,100,263.3762829988081,,,0.5824826019488808,15
Birch-rg2,KM++,33,1.0,100000,100,284.38751302740854,,,0.5825342785333365,20
Birch-rg2,KM++,34,1.0,100000,100,271.1602531199544,,,0.5804212790513569,13
Birch-rg2,KM++,35,1.0,100000,100,269.8150070509759,,,0.5848923542413007,13
Birch-rg2,KM++,36,1.0,100000,100,271.2448497775691,,,0.5810437281367247,9
Birch-rg2,KM++,37,1.0,100000,100,267.9103880431958,,,0.5870344849581295,10
Birch-rg2,KM++,38,1.0,100000,100,269.05526870852594,,,0.5759002841326766,16
Birch-rg2,KM++,39,1.0,100000,100,297.40851053012256,,,0.5825933189584351,11
Birch-rg2,KM++,40,1.0,100000,100,294.14277673220704,,,0.5743925344928084,13
Birch-rg2,KM++,41,1.0,100000,100,277.25268962199027,,,0.5744578544994668,20
Birch-rg2,KM++,42,1.0,100000,100,261.4137101359991,,,0.5805672407040174,14
Birch-rg2,KM++,43,1.0,100000,100,271.3328543604603,,,0.5899610170769841,14
Birch-rg2,KM++,44,1.0,100000,100,263.6814881543077,,,0.5782667381279901,11
Birch-rg2,KM++,45,1.0,100000,100,271.07756148429735,,,0.5816504653782747,19
Birch-rg2,KM++,46,1.0,100000,100,267.21501584906395,,,0.5850541090305779,11
Birch-rg2,KM++,47,1.0,100000,100,260.3641843321361,,,0.579939548516305,10
Birch-rg2,KM++,48,1.0,100000,100,257.9767217908964,,,0.5847197070353747,13
Birch-rg2,KM++,49,1.0,100000,100,267.67308834245136,,,0.5860902837647609,13
Birch-rg2,KM++greedy,0,1.0,100000,100,256.53006340217064,,,0.5909897473184775,17
Birch-rg2,KM++greedy,1,1.0,100000,100,252.1142794862917,,,0.594099083181112,25
Birch-rg2,KM++greedy,2,1.0,100000,100,260.62083662183284,,,0.5822056676845602,12
Birch-rg2,KM++greedy,3,1.0,100000,100,265.5618685454129,,,0.5881248088797592,17
Birch-rg2,KM++greedy,4,1.0,100000,100,256.6132788609988,,,0.5872922618179865,13
Birch-rg2,KM++greedy,5,1.0,100000,100,260.11487842930876,,,0.5848538252687892,11
Birch-rg2,KM++greedy,6,1.0,100000,100,252.48064722369753,,,0.5924141010944891,12
Birch-rg2,KM++greedy,7,1.0,100000,100,254.9398780196813,,,0.5834751754230885,13
Birch-rg2,KM++greedy,8,1.0,100000,100,257.32144729654266,,,0.5952387862201646,17
Birch-rg2,KM++greedy,9,1.0,100000,100,266.5438594746283,,,0.5846767898163086,9
Birch-rg2,KM++greedy,10,1.0,100000,100,258.1128374666628,,,0.5904395830410928,10
Birch-rg2,KM++greedy,11,1.0,100000,100,257.65943067785923,,,0.5862182484771467,9
Birch-rg2,KM++greedy,12,1.0,100000,100,254.82833857651977,,,0.5823244900408334,13
Birch-rg2,KM++greedy,13,1.0,100000,100,256.47314239685033,,,0.5916621911073544,13
Birch-rg2,KM++greedy,14,1.0,100000,100,256.05448739082857,,,0.5875683126665521,17
Birch-rg2,KM++greedy,15,1.0,100000,100,254.67672958206086,,,0.5911058391066164,15
Birch-rg2,KM++greedy,16,1.0,100000,100,252.07121884444868,,,0.5870362842516149,27
Birch-rg2,KM++greedy,17,1.0,100000,100,256.9300046831585,,,0.5923910317061143,15
Birch-rg2,KM++greedy,18,1.0,100000,100,257.4258487612418,,,0.5927193297936577,12
Birch-rg2,KM++greedy,19,1.0,100000,100,261.2804919188688,,,0.5836109314101583,11
Birch-rg2,KM++greedy,20,1.0,100000,100,263.30638609228834,,,0.585056843368674,6
Birch-rg2,KM++greedy,21,1.0,100000,100,265.3228067921813,,,0.5861707780958814,12
Birch-rg2,KM++greedy,22,1.0,100000,100,252.76919846921822,,,0.5873291135839213,34
Birch-rg2,KM++greedy,23,1.0,100000,100,261.9860273204491,,,0.5860428259027961,7
Birch-rg2,KM++greedy,24,1.0,100000,100,259.9070354538329,,,0.5838426304978962,9
Birch-rg2,KM++greedy,25,1.0,100000,100,258.18862058940607,,,0.5884631015135343,16
Birch-rg2,KM++greedy,26,1.0,100000,100,258.21960956865456,,,0.5846584224098305,16
Birch-rg2,KM++greedy,27,1.0,100000,100,256.2162588900067,,,0.5890042130646219,11
Birch-rg2,KM++greedy,28,1.0,100000,100,258.48239170970874,,,0.5868193066753304,17
Birch-rg2,KM++greedy,29,1.0,100000,100,257.63951879882444,,,0.590133233365404,15
Birch-rg2,KM++greedy,30,1.0,100000,100,271.08618620806345,,,0.5772369633678806,9
Birch-rg2,KM++greedy,31,1.0,100000,100,260.4924947549724,,,0.5870777254985854,11
Birch-rg2,KM++greedy,32,1.0,100000,100,264.2759943628656,,,0.5822653020772119,16
Birch-rg2,KM++greedy,33,1.0,100000,100,254.69781621538343,,,0.5899575935542998,15
Birch-rg2,KM++greedy,34,1.0,100000,100,254.01378018508964,,,0.5868160825566794,8
Birch-rg2,KM++greedy,35,1.0,100000,100,261.0333486227495,,,0.5790473930744579,16
Birch-rg2,KM++greedy,36,1.0,100000,100,262.0591609145343,,,0.5814884554273394,10
Birch-rg2,KM++greedy,37,1.0,100000,100,262.39015888074914,,,0.583231971132682,9
Birch-rg2,KM++greedy,38,1.0,100000,100,257.24847935762955,,,0.5882821784318708,9
Birch-rg2,KM++greedy,39,1.0,100000,100,256.33917942064016,,,0.5831323906735826,20
Birch-rg2,KM++greedy,40,1.0,100000,100,254.36500370884025,,,0.5935527673409885,9
Birch-rg2,KM++greedy,41,1.0,100000,100,257.2708777522574,,,0.5838712332613921,15
Birch-rg2,KM++greedy,42,1.0,100000,100,260.47721798038117,,,0.5856707136491068,9
Birch-rg2,KM++greedy,43,1.0,100000,100,261.0678479310935,,,0.584990218179266,9
Birch-rg2,KM++greedy,44,1.0,100000,100,257.79739260356723,,,0.5821928256548057,9
Birch-rg2,KM++greedy,45,1.0,100000,100,251.57763674133275,,,0.5970118580659517,34
Birch-rg2,KM++greedy,46,1.0,100000,100,255.8483572569137,,,0.5909063150340408,11
Birch-rg2,KM++greedy,47,1.0,100000,100,256.3259281223614,,,0.5878521254839858,17
Birch-rg2,KM++greedy,48,1.0,100000,100,255.00382261512314,,,0.5862787339247769,17
Birch-rg2,KM++greedy,49,1.0,100000,100,253.56057687589865,,,0.588941333051475,14
Birch-rg2,BF-refine,0,1.0,100000,100,254.5343097368363,,,0.5897952224437707,5
Birch-rg2,BF-refine,1,1.0,100000,100,253.9346242037838,,,0.5870717600039627,5
Birch-rg2,BF-refine,2,1.0,100000,100,253.91076533903401,,,0.5876504684089995,7
Birch-rg2,BF-refine,3,1.0,100000,100,257.3874441329309,,,0.5815414692402302,5
Birch-rg2,BF-refine,4,1.0,100000,100,250.88574717758482,,,0.5927726352755744,5
Birch-rg2,BF-refine,5,1.0,100000,100,254.44436043455414,,,0.5869485479472892,4
Birch-rg2,BF-refine,6,1.0,100000,100,254.05511824619074,,,0.5904775247730694,8
Birch-rg2,BF-refine,7,1.0,100000,100,251.39632037848835,,,0.593933006201653,5
Birch-rg2,BF-refine,8,1.0,100000,100,251.5675354934542,,,0.5905457674705152,10
Birch-rg2,BF-refine,9,1.0,100000,100,254.17061925360883,,,0.5895558610675783,4
Birch-rg2,BF-refine,10,1.0,100000,100,258.39827844134646,,,0.5814769989305961,21
Birch-rg2,BF-refine,11,1.0,100000,100,257.7509637248683,,,0.587279760208486,5
Birch-rg2,BF-refine,12,1.0,100000,100,254.00103083996854,,,0.5904771544499363,5
Birch-rg2,BF-refine,13,1.0,100000,100,251.49201716279887,,,0.5894801178229961,6
Birch-rg2,BF-refine,14,1.0,100000,100,256.88537811801064,,,0.587839752620341,5
Birch-rg2,BF-refine,15,1.0,100000,100,251.1055375693278,,,0.5867619065972114,4
Birch-rg2,BF-refine,16,1.0,100000,100,254.7536815350317,,,0.583833288706582,4
Birch-rg2,BF-refine,17,1.0,100000,100,254.43749254388428,,,0.5897057276089892,5
Birch-rg2,BF-refine,18,1.0,100000,100,252.99515768018026,,,0.592257607276117,16
Birch-rg2,BF-refine,19,1.0,100000,100,253.8798058002957,,,0.5887682833420514,5
Birch-rg2,BF-refine,20,1.0,100000,100,253.8560663247251,,,0.5950928091130459,4
Birch-rg2,BF-refine,21,1.0,100000,100,254.05132239592305,,,0.5857550000656858,4
Birch-rg2,BF-refine,22,1.0,100000,100,254.21234156687927,,,0.5918420252753466,5
Birch-rg2,BF-refine,23,1.0,100000,100,257.7829234796291,,,0.581873181100738,5
Birch-rg2,BF-refine,24,1.0,100000,100,255.38061513076292,,,0.5870651063322897,8
Birch-rg2,BF-refine,25,1.0,100000,100,256.32728912862655,,,0.5863455867981997,5
Birch-rg2,BF-refine,26,1.0,100000,100,254.16073689387997,,,0.5888619710774363,5
Birch-rg2,BF-refine,27,1.0,100000,100,253.20942965196016,,,0.5971528121700517,4
Birch-rg2,BF-refine,28,1.0,100000,100,253.6128069120947,,,0.592470749978397,4
Birch-rg2,BF-refine,29,1.0,100000,100,257.97351813981345,,,0.5850720518445143,5
Birch-rg2,BF-refine,30,1.0,100000,100,252.90950453752149,,,0.5873462859469329,6
Birch-rg2,BF-refine,31,1.0,100000,100,254.81433998631002,,,0.5888033831814917,5
Birch-rg2,BF-refine,32,1.0,100000,100,259.48124942834875,,,0.5884102337760809,7
Birch-rg2,BF-refine,33,1.0,100000,100,251.4543881894512,,,0.5888169059804815,5
Birch-rg2,BF-refine,34,1.0,100000,100,254.23317563421625,,,0.5889190662153584,14
Birch-rg2,BF-refine,35,1.0,100000,100,258.0761965520853,,,0.5910390103089701,10
Birch-rg2,BF-refine,36,1.0,100000,100,254.34048458265556,,,0.5918627651836446,6
Birch-rg2,BF-refine,37,1.0,100000,100,253.57810793663572,,,0.5915625842171485,6
Birch-rg2,BF-refine,38,1.0,100000,100,257.33852465150665,,,0.5891613078613416,5
Birch-rg2,BF-refine,39,1.0,100000,100,252.10336773672938,,,0.5894973577917944,4
Birch-rg2,BF-refine,40,1.0,100000,100,251.77529230112236,,,0.5900441336377272,4
Birch-rg2,BF-refine,41,1.0,100000,100,253.96878577302172,,,0.5972245318274553,5
Birch-rg2,BF-refine,42,1.0,100000,100,257.72550782033636,,,0.5869309953472566,5
Birch-rg2,BF-refine,43,1.0,100000,100,254.8521120700305,,,0.5885063985452363,5
Birch-rg2,BF-refine,44,1.0,100000,100,255.0120870378811,,,0.5865581803835413,8
Birch-rg2,BF-refine,45,1.0,100000,100,257.75438271206326,,,0.5917804545377938,5
Birch-rg2,BF-refine,46,1.0,100000,100,254.41358351046964,,,0.5899071232447284,5
Birch-rg2,BF-refine,47,1.0,100000,100,254.9253396110447,,,0.5904855973922042,9
Birch-rg2,BF-refine,48,1.0,100000,100,254.52036905725407,,,0.5930471290377908,5
Birch-rg2,BF-refine,49,1.0,100000,100,254.22762785039671,,,0.5862487801040044,5
Birch-rg2,KM-random,0,1.0,100000,100,550.4675042595516,,,0.5576433167522857,20
Birch-rg2,KM-random,1,1.0,100000,100,306.0362913443698,,,0.5912268368997955,44
Birch-rg2,KM-random,2,1.0,100000,100,436.9797441715529,,,0.572124978670316,19
Birch-rg2,KM-random,3,1.0,100000,100,261.40269600999153,,,0.5966740204554566,18
Birch-rg2,KM-random,4,1.0,100000,100,323.79930908321666,,,0.5667833945262634,29
Birch-rg2,KM-random,5,1.0,100000,100,310.81197275960693,,,0.5866094154148128,45
Birch-rg2,KM-random,6,1.0,100000,100,272.87953119114496,,,0.5932284171470369,41
Birch-rg2,KM-random,7,1.0,100000,100,263.33091161159604,,,0.5915189446752572,25
Birch-rg2,KM-random,8,1.0,100000,100,285.16358504023003,,,0.5855910728898509,34
Birch-rg2,KM-random,9,1.0,100000,100,417.1531092413217,,,0.5677517704331141,49
Birch-rg2,KM-random,10,1.0,100000,100,362.1378068036817,,,0.5820071284096978,36
Birch-rg2,KM-random,11,1.0,100000,100,285.5252252139937,,,0.5944431303685168,24
Birch-rg2,KM-random,12,1.0,100000,100,269.323215041593,,,0.5906979501398196,40
Birch-rg2,KM-random,13,1.0,100000,100,317.71106176674004,,,0.5820108327532552,33
Birch-rg2,KM-random,14,1.0,100000,100,503.58796858796035,,,0.5718324817460476,32
Birch-rg2,KM-random,15,1.0,100000,100,361.1803007354634,,,0.5649735388628535,43
Birch-rg2,KM-random,16,1.0,100000,100,411.2012964891073,,,0.573062895296199,34
Birch-rg2,KM-random,17,1.0,100000,100,337.53999809480246,,,0.5901371858555351,24
Birch-rg2,KM-random,18,1.0,100000,100,447.6294751902524,,,0.5786516110314651,30
Birch-rg2,KM-random,19,1.0,100000,100,456.45680322817464,,,0.5640367341299629,33
Birch-rg2,KM-random,20,1.0,100000,100,290.7908456812762,,,0.5755769987025197,35
Birch-rg2,KM-random,21,1.0,100000,100,320.92860993740715,,,0.5878029588819994,27
Birch-rg2,KM-random,22,1.0,100000,100,269.88495299740305,,,0.5969684582761929,22
Birch-rg2,KM-random,23,1.0,100000,100,335.97022556219076,,,0.5704265773820102,46
Birch-rg2,KM-random,24,1.0,100000,100,349.24341193492006,,,0.5886597164833791,44
Birch-rg2,KM-random,25,1.0,100000,100,329.2776502681707,,,0.5840593185834972,36
Birch-rg2,KM-random,26,1.0,100000,100,288.62962039130383,,,0.5922061220366137,14
Birch-rg2,KM-random,27,1.0,100000,100,408.5400636514273,,,0.57673947025954,38
Birch-rg2,KM-random,28,1.0,100000,100,407.79494106383737,,,0.5711333803111086,35
Birch-rg2,KM-random,29,1.0,100000,100,377.31273399541226,,,0.5824396109059894,46
Birch-rg2,KM-random,30,1.0,100000,100,421.4164485973833,,,0.5648697064160693,39
Birch-rg2,KM-random,31,1.0,100000,100,277.47557528776974,,,0.5961739270359514,34
Birch-rg2,KM-random,32,1.0,100000,100,392.4120800679357,,,0.5816077690705919,42
Birch-rg2,KM-random,33,1.0,100000,100,293.46535360871275,,,0.5766550209032472,40
Birch-rg2,KM-random,34,1.0,100000,100,448.53923388645484,,,0.5580689552761826,30
Birch-rg2,KM-random,35,1.0,100000,100,337.62147802086025,,,0.5705437294655368,28
Birch-rg2,KM-random,36,1.0,100000,100,401.14096692738264,,,0.5760059689186213,30
Birch-rg2,KM-random,37,1.0,100000,100,339.5390024398619,,,0.583029373915832,22
Birch-rg2,KM-random,38,1.0,100000,100,427.3550958748578,,,0.5759756794792185,26
Birch-rg2,KM-random,39,1.0,100000,100,485.3868127077182,,,0.5542324985056485,24
Birch-rg2,KM-random,40,1.0,100000,100,313.6693465699157,,,0.5954941478332731,37
Birch-rg2,KM-random,41,1.0,100000,100,393.96904664081734,,,0.57520029806464,35
Birch-rg2,KM-random,42,1.0,100000,100,396.4565091135348,,,0.585285943004316,37
Birch-rg2,KM-random,43,1.0,100000,100,374.16136397829104,,,0.5805926423304392,34
Birch-rg2,KM-random,44,1.0,100000,100,298.7062839478475,,,0.5931784147044801,54
Birch-rg2,KM-random,45,1.0,100000,100,350.6474844081437,,,0.5762578929895259,35
Birch-rg2,KM-random,46,1.0,100000,100,286.3718407988314,,,0.5802664889482778,26
Birch-rg2,KM-random,47,1.0,100000,100,428.84826997555535,,,0.557454748559744,40
Birch-rg2,KM-random,48,1.0,100000,100,287.0461865739618,,,0.5860182734175138,29
Birch-rg2,KM-random,49,1.0,100000,100,319.53067943734357,,,0.5830709071284136,40
