dataset,method,seed,n,k,seed_time_s,DNF,SSE,ARI,NMI,SH,IT
S1,ECKM,-1,5000,15,17.414,False,420.78125515101914,0.7819751073684936,0.9085309179247094,0.582902019449132,9
S2,ECKM,-1,5000,15,17.305,False,257.64165292368557,0.957723622271345,0.9639892987582414,0.6263584768902496,27
S3,ECKM,-1,5000,15,17.646,False,548.4926259693325,,,0.4415266210767693,26
S4,ECKM,-1,5000,15,17.322,False,667.209634932911,,,0.4454736304382754,84
Jain,ECKM,-1,373,2,0.096,False,322.33891501178385,0.552751161834573,0.5108315717226247,0.5044779516212523,8
Spiral,ECKM,-1,1000,3,0.514,False,782.1871167363907,0.03982254851884728,0.03476604639195809,0.3805304619938871,13
Compound,ECKM,-1,399,6,0.112,False,86.69988642821109,0.49908731282676644,0.6843474320054619,0.4132233828036829,7
Atom,ECKM,-1,800,2,0.422,False,1168.2455528445337,0.16537837454636672,0.27961759941755115,0.44465723092105947,3
Hepta,ECKM,-1,212,7,0.035,False,45.0302955341668,0.7902935746224158,0.9044147115150756,0.5212017769533475,5
Lsun,ECKM,-1,400,3,0.112,False,214.01494577797328,0.40516397636640666,0.5260340144735256,0.5286950757378547,8
Target,ECKM,-1,770,6,0.415,False,484.0058608245658,0.661220370815296,0.675166618508167,0.5241284941969141,14
Twodiamonds,ECKM,-1,800,2,0.416,False,1062.544466110747,0.10613909867405073,0.07897721578016574,0.3159259287110672,10
Wingnut,ECKM,-1,1016,2,0.677,False,1042.6760966284794,0.6702684825487994,0.5616930831350014,0.43798833997404624,10
Engytime,ECKM,-1,4096,2,11.848,False,4782.292251798375,0.8124173072083217,0.7435059164837543,0.4132818049643877,14
Digits,ECKM,-1,1797,10,2.223,False,2817.0022785774067,0.32131905742946043,0.46172507194002005,0.3785323101959189,50
Wine,ECKM,-1,178,3,0.03,False,260.01666268357667,0.8961671105205941,0.8656424267867644,0.5601697480957203,6
BreastCancer,ECKM,-1,569,2,0.25,False,5333.457271309247,0.6649625478425899,0.5474036117168154,0.5080905933295031,12
Birch-rg1,ECKM,-1,100000,100,196.54,False,1753.9168536779664,,,0.4008851412560598,76
MNIST,ECKM,-1,60000,10,69.129,False,557584.3074294833,0.13594433114993862,0.20803941888902022,0.35120730735686145,36
Birch-rg2,ECKM,-1,100000,100,192.735,False,395.7375419106225,,,0.5909076674579852,61
