dataset,n,d_,k,EVR2,SSE_eq,SSE_qt,IT_eq,IT_qt,best_SSE,P_beat,modes_k
S1,5000,2,15,1.0,154.6,334.5,19.0,9,154.6,0.11,0.27
S2,5000,2,15,1.0,330.5,329.3,14.0,11,257.6,0.76,0.33
S3,5000,2,15,1.0,537.4,477.4,16.0,39,434.0,0.94,0.27
S4,5000,2,15,1.0,633.4,544.0,49.0,13,545.3,0.94,0.13
Jain,373,2,2,1.0,322.3,322.4,7.0,9,322.3,0.0,1.0
Spiral,1000,2,3,1.0,781.0,787.0,17.0,7,781.0,0.15,1.33
Compound,399,2,6,1.0,89.9,106.4,13.0,14,86.5,0.8,0.33
Atom,800,3,2,0.681,1170.5,1165.7,10.0,33,1167.1,0.74,1.5
Hepta,212,3,7,0.682,23.6,62.6,4.0,5,23.6,0.0,0.14
Lsun,400,2,3,1.0,214.0,214.0,5.0,5,214.0,0.0,1.0
Target,770,2,6,1.0,696.1,350.9,6.0,21,319.6,1.0,0.33
Twodiamonds,800,2,2,1.0,1055.6,1063.2,9.0,6,922.9,0.78,0.5
Wingnut,1016,2,2,1.0,1042.7,1042.7,7.0,7,1042.7,0.38,1.5
Engytime,4096,2,2,1.0,4782.3,4782.3,12.0,10,4782.3,0.53,0.5
Birch-rg1,100000,2,100,1.0,1646.4,1577.9,51.0,52,1379.4,1.0,0.36
Birch-rg2,100000,2,100,1.0,716.4,643.5,76.0,54,254.6,1.0,0.27
MNIST,60000,784,10,0.097,557283.0,568218.0,69.0,49,557283.0,0.12,0.1
Digits,1797,64,10,0.216,2817.2,2817.4,45.0,34,2817.1,0.33,0.2
Wine,178,13,3,0.554,260.0,260.2,4.0,4,259.9,0.18,0.67
BreastCancer,569,30,2,0.632,5333.0,5333.5,7.0,8,5332.8,0.47,0.5
