dataset,method,seed,seed_time_s,SSE,ARI,NMI,SH,IT
Iris,ECKM,-1,0.0148,172.52414960104005,0.46994578558395356,0.6609201554556503,0.5374643759140026,5
Seeds,ECKM,-1,0.0193,270.4896708173134,0.7504797925423856,0.7088278911704359,0.49284349162400853,7
Ecoli,ECKM,-1,0.025,136.72791204729998,0.400772945240935,0.5775100791730113,0.37740165004516596,10
Tetra,ECKM,-1,0.0306,181.72067105659653,0.7275264968348671,0.7457541959002344,0.41589908441255363,19
Chainlink,ECKM,-1,0.0894,1298.417302721174,0.20374630678265324,0.3097755491227446,0.39102824003925624,5
Flame,ECKM,-1,0.0167,292.35260491141565,0.40944024485706926,0.3700478781497281,0.3733173841508354,12
Pathbased,ECKM,-1,0.0207,196.65421087245778,0.4797415258613849,0.5606538556651895,0.5092065033223901,11
Aggregation,ECKM,-1,0.0646,153.82367801894193,0.7453459919307535,0.8493771197590799,0.46131322136244385,9
R15,ECKM,-1,0.0476,26.91066606892398,0.7069448221894185,0.8843073463807667,0.53917251296545,10
D31,ECKM,-1,0.4297,139.5926404504833,0.6880288199165482,0.8843735073635174,0.47723447996453305,15
