dataset,method,SSE,ARI,NMI,SH,IT
Aggregation,BF-refine,0.666,0.0104,0.0045,0.0057,2.0529
Aggregation,CCKM,,,,,
Aggregation,KM++,11.42,0.0442,0.0299,0.0163,4.9573
Aggregation,KM++greedy,7.7207,0.0382,0.0247,0.0158,4.6716
Aggregation,KM-random,14.7213,0.063,0.04,0.0199,4.5486
Aggregation,Maxmin,,,,,
Chainlink,BF-refine,33.8396,0.0783,0.1151,0.0147,2.0899
Chainlink,CCKM,,,,,
Chainlink,KM++,40.3399,0.0931,0.1375,0.0174,2.279
Chainlink,KM++greedy,44.8513,0.1035,0.1503,0.0187,2.3212
Chainlink,KM-random,37.6968,0.0887,0.1323,0.0169,1.666
Chainlink,Maxmin,,,,,
D31,BF-refine,3.6828,0.022,0.0072,0.0097,2.7553
D31,CCKM,,,,,
D31,KM++,8.9516,0.039,0.0126,0.0176,6.1255
D31,KM++greedy,5.1664,0.0286,0.0095,0.0137,5.4735
D31,KM-random,13.8282,0.0473,0.0148,0.0215,6.2878
D31,Maxmin,,,,,
Ecoli,BF-refine,16.2247,0.0374,0.0133,0.0172,2.8763
Ecoli,CCKM,,,,,
Ecoli,KM++,18.5352,0.0572,0.0247,0.028,4.9271
Ecoli,KM++greedy,6.4413,0.0363,0.0145,0.0161,3.843
Ecoli,KM-random,20.5159,0.0486,0.015,0.0159,4.9241
Ecoli,Maxmin,,,,,
Flame,BF-refine,4.6866,0.0289,0.0312,0.0051,2.6058
Flame,CCKM,,,,,
Flame,KM++,7.0456,0.0882,0.0852,0.0159,2.8386
Flame,KM++greedy,2.9845,0.0216,0.0293,0.0031,3.2069
Flame,KM-random,2.6415,0.0243,0.0328,0.0026,2.8706
Flame,Maxmin,,,,,
Iris,BF-refine,7.1684,0.0334,0.0132,0.0036,2.2894
Iris,CCKM,,,,,
Iris,KM++,20.2381,0.0723,0.024,0.0067,2.2861
Iris,KM++greedy,16.9689,0.0647,0.0221,0.0058,2.279
Iris,KM-random,16.5192,0.0558,0.0155,0.0081,2.5606
Iris,Maxmin,,,,,
Pathbased,BF-refine,0.0,0.0,0.0,0.0,0.9172
Pathbased,CCKM,,,,,
Pathbased,KM++,0.0,0.0,0.0,0.0,2.9082
Pathbased,KM++greedy,12.4586,0.0293,0.0338,0.0237,2.8284
Pathbased,KM-random,0.0,0.0,0.0,0.0,3.1839
Pathbased,Maxmin,,,,,
R15,BF-refine,0.0,0.0,0.0,0.0,0.6024
R15,CCKM,,,,,
R15,KM++,4.756,0.0781,0.0311,0.0558,2.4846
R15,KM++greedy,2.2059,0.0445,0.0181,0.032,1.9034
R15,KM-random,21.3204,0.0946,0.0379,0.0637,2.4314
R15,Maxmin,,,,,
Seeds,BF-refine,0.2531,0.0145,0.0127,0.0011,1.6036
Seeds,CCKM,,,,,
Seeds,KM++,0.3037,0.0121,0.0108,0.0012,2.9758
Seeds,KM++greedy,0.3155,0.0134,0.0119,0.0013,1.9968
Seeds,KM-random,0.3718,0.0156,0.0136,0.0014,2.2338
Seeds,Maxmin,,,,,
Tetra,BF-refine,0.2643,0.0215,0.0154,0.001,3.9577
Tetra,CCKM,,,,,
Tetra,KM++,0.295,0.0197,0.0145,0.001,6.615
Tetra,KM++greedy,0.2949,0.0222,0.0159,0.0012,6.2028
Tetra,KM-random,0.327,0.0179,0.0127,0.0011,6.0525
Tetra,Maxmin,,,,,
