dataset,method,frac,draw,seed_disp,ARI,SSE_clean_pts
Iris,Maxmin,0.01,0,0.0,0.645147003482001,116.04409839103914
Iris,CCKM(equal),0.01,0,0.0,0.6201351808870379,115.05424741871056
Iris,CCKM(quantile),0.01,0,0.04305806186335154,0.6410058621782706,115.24545367355121
Iris,Maxmin,0.01,1,1.7479843102336632,0.645147003482001,116.21110243917454
Iris,CCKM(equal),0.01,1,0.6422075078584811,0.6011286543750637,115.35929510222743
Iris,CCKM(quantile),0.01,1,0.029894908683824845,0.645147003482001,116.21110243917454
Iris,Maxmin,0.01,2,0.0,0.645147003482001,116.05066655926082
Iris,CCKM(equal),0.01,2,0.01773079597526252,0.6201351808870379,115.05785691077197
Iris,CCKM(quantile),0.01,2,0.030127036609920926,0.6410058621782706,115.25345644077156
Iris,Maxmin,0.01,3,0.2763791209611382,0.6410058621782706,115.31363022174276
Iris,CCKM(equal),0.01,3,0.048286945927058955,0.6201351808870379,115.11809672551081
Iris,CCKM(quantile),0.01,3,0.0,0.6410058621782706,115.31363022174276
Iris,Maxmin,0.01,4,1.1548410596466117,0.6410058621782706,115.49932968593616
Iris,CCKM(equal),0.01,4,0.8064221528596899,0.6011286543750637,115.46951006119113
Iris,CCKM(quantile),0.01,4,0.023779841626332173,0.6410058621782706,115.49932968593616
Iris,Maxmin,0.01,5,1.3964459450812292,0.645147003482001,116.24264213537859
Iris,CCKM(equal),0.01,5,0.7858404725596825,0.6011286543750637,115.41391667715249
Iris,CCKM(quantile),0.01,5,0.04301437841519832,0.645147003482001,116.24264213537859
Iris,Maxmin,0.01,6,0.0,0.645147003482001,116.04235654295235
Iris,CCKM(equal),0.01,6,0.006421232826451815,0.6201351808870379,115.04565448513853
Iris,CCKM(quantile),0.01,6,0.0,0.6410058621782706,115.24118798137046
Iris,Maxmin,0.01,7,1.3595814887094972,0.645147003482001,116.15216449998582
Iris,CCKM(equal),0.01,7,0.8035203570653042,0.46994578558395356,172.7301479203841
Iris,CCKM(quantile),0.01,7,0.02766261453156969,0.645147003482001,116.15216449998582
Iris,Maxmin,0.01,8,1.0735619076637406,0.645147003482001,116.11664692664684
Iris,CCKM(equal),0.01,8,0.1478774612002046,0.6201351808870379,115.12246559154362
Iris,CCKM(quantile),0.01,8,0.02160812905999997,0.645147003482001,116.11664692664684
Iris,Maxmin,0.01,9,2.160878695631858,0.6011286543750637,115.2858900720502
Iris,CCKM(equal),0.01,9,0.641317593987294,0.6011286543750637,115.2858900720502
Iris,CCKM(quantile),0.01,9,0.0,0.6410058621782706,115.31570969679524
Iris,Maxmin,0.02,0,0.0,0.645147003482001,116.21780579647744
Iris,CCKM(equal),0.02,0,0.024985933392441317,0.6410058621782706,115.43071219448132
Iris,CCKM(quantile),0.02,0,0.2712002170753992,0.6410058621782706,115.43071219448132
Iris,Maxmin,0.02,1,2.1442633068316312,0.645147003482001,116.26732424906412
Iris,CCKM(equal),0.02,1,0.6539711773131559,0.6011286543750637,115.41493136927997
Iris,CCKM(quantile),0.02,1,0.05123893701609705,0.645147003482001,116.26732424906412
Iris,Maxmin,0.02,2,0.0,0.645147003482001,116.11720127841104
Iris,CCKM(equal),0.02,2,0.011309563148810707,0.6201351808870379,115.13535440883578
Iris,CCKM(quantile),0.02,2,0.030127036609920926,0.6410058621782706,115.3251997669162
Iris,Maxmin,0.02,3,0.2763791209611382,0.6201351808870379,115.1972318725502
Iris,CCKM(equal),0.02,3,0.02105602353208774,0.5923326221845838,115.39703333654984
Iris,CCKM(quantile),0.02,3,0.26266975716873947,0.5923326221845838,115.39703333654984
Iris,Maxmin,0.02,4,1.1548410596466117,0.6201351808870379,115.63521222363823
Iris,CCKM(equal),0.02,4,0.7987548793042768,0.6017906464957918,115.92093096394655
Iris,CCKM(quantile),0.02,4,0.021008741094777943,0.6201351808870379,115.63521222363823
Iris,Maxmin,0.02,5,1.0209366680187084,0.6211405739193607,116.31852813408348
Iris,CCKM(equal),0.02,5,0.7636918430784417,0.6220223478652634,116.14553594368215
Iris,CCKM(quantile),0.02,5,0.3390212781276653,0.6116890434857991,116.00609275053442
Iris,Maxmin,0.02,6,0.0,0.645147003482001,116.24202762120058
Iris,CCKM(equal),0.02,6,0.011309563148810707,0.6201351808870379,115.24169112852704
Iris,CCKM(quantile),0.02,6,0.2631490163772884,0.6201351808870379,115.24169112852704
Iris,Maxmin,0.02,7,1.3595814887094972,0.6201351808870379,115.36693305756509
Iris,CCKM(equal),0.02,7,0.808896966009923,0.46994578558395356,172.74264963842754
Iris,CCKM(quantile),0.02,7,0.29511711282472386,0.6017906464957918,115.65125597090002
Iris,Maxmin,0.02,8,1.15623106085778,0.6211405739193607,116.6548482866596
Iris,CCKM(equal),0.02,8,0.7516204496256741,0.46994578558395356,173.4432583339858
Iris,CCKM(quantile),0.02,8,0.35787523144145794,0.6220223478652634,116.48513276269222
Iris,Maxmin,0.02,9,0.6905992098688092,0.432804702527474,166.74408605475656
Iris,CCKM(equal),0.02,9,0.6516014456939103,0.5923326221845838,115.71236459772847
Iris,CCKM(quantile),0.02,9,0.024963662403626723,0.6410058621782706,115.70198731220555
Iris,Maxmin,0.05,0,2.3849616269034395,0.41967619444922194,170.35323068107397
Iris,CCKM(equal),0.05,0,0.7810502505151954,0.46994578558395356,174.3078333702891
Iris,CCKM(quantile),0.05,0,0.31876492329589257,0.6011286543750637,116.31372789636605
Iris,Maxmin,0.05,1,1.8753251028763585,0.6234541022500214,117.6898917198543
Iris,CCKM(equal),0.05,1,0.8290945151737678,0.46994578558395356,174.81898537543216
Iris,CCKM(quantile),0.05,1,0.3837177999678034,0.6011286543750637,116.30777718582658
Iris,Maxmin,0.05,2,1.7182113507310681,0.645147003482001,116.86039808123988
Iris,CCKM(equal),0.05,2,0.7282858319614456,0.6201351808870379,115.98832003505048
Iris,CCKM(quantile),0.05,2,0.3149353885011494,0.6201351808870379,115.98832003505048
Iris,Maxmin,0.05,3,1.00280615201384,0.6220223478652634,116.5774495905956
Iris,CCKM(equal),0.05,3,0.7892405272889293,0.6220223478652634,116.5774495905956
Iris,CCKM(quantile),0.05,3,0.2793751459186307,0.6220223478652634,116.5774495905956
Iris,Maxmin,0.05,4,1.1548410596466117,0.6201351808870379,115.67951783808849
Iris,CCKM(equal),0.05,4,0.7896413743899156,0.6017906464957918,115.96118385756404
Iris,CCKM(quantile),0.05,4,0.33557910320151224,0.5923326221845838,115.88065829870679
Iris,Maxmin,0.05,5,3.035209966811964,0.6017906464957918,116.31860008590874
Iris,CCKM(equal),0.05,5,0.788150662539092,0.6017906464957918,116.31860008590874
Iris,CCKM(quantile),0.05,5,0.3191309484256009,0.6220223478652634,116.24968708439528
Iris,Maxmin,0.05,6,2.3642351258488055,0.6220223478652634,115.92190207629359
Iris,CCKM(equal),0.05,6,0.7187236035996852,0.6318715256331069,116.01254314611751
Iris,CCKM(quantile),0.05,6,0.2631490163772884,0.6201351808870379,115.3728470615213
Iris,Maxmin,0.05,7,1.8758647802052835,0.645147003482001,116.94557480906235
Iris,CCKM(equal),0.05,7,0.7055022682143682,0.6201351808870379,115.95200103315004
Iris,CCKM(quantile),0.05,7,0.2968390264868453,0.6201351808870379,115.95200103315004
Iris,Maxmin,0.05,8,1.3944138373050758,0.645147003482001,116.7734790834431
Iris,CCKM(equal),0.05,8,0.7275767433788144,0.5923326221845838,116.0328049514631
Iris,CCKM(quantile),0.05,8,0.12616241685407012,0.645147003482001,116.7734790834431
Iris,Maxmin,0.05,9,2.304396255012469,0.6011286543750637,117.18071802142553
Iris,CCKM(equal),0.05,9,0.8260428724803548,0.5312290473980091,188.6097558644138
Iris,CCKM(quantile),0.05,9,0.28510687304766985,0.6017906464957918,117.27579642330682
Seeds,Maxmin,0.01,0,0.0,0.7138661313865737,271.01733040036265
Seeds,CCKM(equal),0.01,0,0.0,0.7850359051341558,270.42264291931986
Seeds,CCKM(quantile),0.01,0,0.9107615680555816,0.7138661313865737,271.01733040036265
Seeds,Maxmin,0.01,1,0.6950635468481611,0.7504797925423856,270.74748294995
Seeds,CCKM(equal),0.01,1,0.007756407905882578,0.7579931685726785,271.03101246332875
Seeds,CCKM(quantile),0.01,1,0.9239611748879626,0.7504797925423856,270.74748294995
Seeds,Maxmin,0.01,2,0.0,0.7504797925423856,270.5310361422536
Seeds,CCKM(equal),0.01,2,0.00485849799434145,0.7579931685726785,270.82459653948075
Seeds,CCKM(quantile),0.01,2,0.9156200660499231,0.7504797925423856,270.5310361422536
Seeds,Maxmin,0.01,3,2.04721862859648,0.7492966572066588,271.4481162958401
Seeds,CCKM(equal),0.01,3,0.017854777005551773,0.7579931685726785,270.83469775396946
Seeds,CCKM(quantile),0.01,3,0.9239611748879626,0.7138661313865737,271.1549639960282
Seeds,Maxmin,0.01,4,2.5117840445647985,0.7732937360806309,271.07774647151894
Seeds,CCKM(equal),0.01,4,0.4472881012496372,0.7732937360806309,271.07774647151894
Seeds,CCKM(quantile),0.01,4,0.931342968929339,0.7504797925423856,271.07600152789445
Seeds,Maxmin,0.01,5,1.8680236678116824,0.7730246875577171,271.12119450164465
Seeds,CCKM(equal),0.01,5,0.2675665805631892,0.7579931685726785,270.9264809771968
Seeds,CCKM(quantile),0.01,5,0.9239611748879626,0.7850359051341558,270.48340194451896
Seeds,Maxmin,0.01,6,0.0,0.7504797925423856,270.5571201855505
Seeds,CCKM(equal),0.01,6,0.007756407905882578,0.7579931685726785,270.84494795877765
Seeds,CCKM(quantile),0.01,6,0.9343842859946374,0.7504797925423856,270.5571201855505
Seeds,Maxmin,0.01,7,1.574080925277211,0.7579931685726785,271.0191398632051
Seeds,CCKM(equal),0.01,7,0.15528461836401938,0.7465733765846949,271.0015258931762
Seeds,CCKM(quantile),0.01,7,0.9239611748879626,0.7258413539097508,271.05709166415386
Seeds,Maxmin,0.01,8,0.0,0.7579931685726785,271.11438080677095
Seeds,CCKM(equal),0.01,8,0.022830707519406423,0.7579931685726785,271.11438080677095
Seeds,CCKM(quantile),0.01,8,0.9239611748879626,0.7579931685726785,271.11438080677095
Seeds,Maxmin,0.01,9,0.8953598504279873,0.7504797925423856,271.0215427001781
Seeds,CCKM(equal),0.01,9,0.12074275351019599,0.796998283593012,270.9833199258621
Seeds,CCKM(quantile),0.01,9,0.931342968929339,0.7504797925423856,271.0215427001781
Seeds,Maxmin,0.02,0,0.1848908803592307,0.7258413539097508,270.97989385674316
Seeds,CCKM(equal),0.02,0,0.009552675751525425,0.7850359051341558,270.5771726521875
Seeds,CCKM(quantile),0.02,0,0.9107615680555816,0.7258413539097508,270.97989385674316
Seeds,Maxmin,0.02,1,1.5767908283205836,0.7631380293793596,271.551073880378
Seeds,CCKM(equal),0.02,1,0.1410060423653698,0.7850359051341558,271.0935548360678
Seeds,CCKM(quantile),0.02,1,0.9357027942431856,0.7504797925423856,271.2551173625368
Seeds,Maxmin,0.02,2,2.3266996440266907,0.7492966572066588,271.5066203120615
Seeds,CCKM(equal),0.02,2,0.019023623569406234,0.7714895718109315,271.0227478260702
Seeds,CCKM(quantile),0.02,2,0.9372646302272357,0.7850359051341558,270.59822696067107
Seeds,Maxmin,0.02,3,2.04721862859648,0.7492966572066588,271.4729518860221
Seeds,CCKM(equal),0.02,3,0.01992288754766153,0.7850359051341558,270.5330208213028
Seeds,CCKM(quantile),0.02,3,0.9107615680555816,0.7138661313865737,271.1709493375633
Seeds,Maxmin,0.02,4,2.5117840445647985,0.8100453254104226,271.49371620866725
Seeds,CCKM(equal),0.02,4,0.4522248790117159,0.7732937360806309,271.3521209730361
Seeds,CCKM(quantile),0.02,4,0.931342968929339,0.7504797925423856,271.34502827725373
Seeds,Maxmin,0.02,5,2.636196999779053,0.7714895718109315,271.10684853267384
Seeds,CCKM(equal),0.02,5,0.4449478909990329,0.7579931685726785,271.1099587285686
Seeds,CCKM(quantile),0.02,5,0.9239611748879626,0.7138661313865737,271.3468770268968
Seeds,Maxmin,0.02,6,0.0,0.7504797925423856,270.6516104874593
Seeds,CCKM(equal),0.02,6,0.004901194407516582,0.7588362963718107,270.7747992899822
Seeds,CCKM(quantile),0.02,6,0.9383695627418992,0.7504797925423856,270.6516104874593
Seeds,Maxmin,0.02,7,1.574080925277211,0.7714895718109315,270.9585852233352
Seeds,CCKM(equal),0.02,7,0.14814868596934036,0.7850359051341558,270.78440574450497
Seeds,CCKM(quantile),0.02,7,0.9185179759614642,0.7504797925423856,270.9412770140194
Seeds,Maxmin,0.02,8,2.590309907185429,0.7714895718109315,271.4609877277571
Seeds,CCKM(equal),0.02,8,0.9527137693079233,0.7579931685726785,271.4634365074222
Seeds,CCKM(quantile),0.02,8,0.9185179759614642,0.7138661313865737,271.69658306988845
Seeds,Maxmin,0.02,9,0.8953598504279873,0.7138661313865737,271.5961774306013
Seeds,CCKM(equal),0.02,9,0.1559353937426403,0.796998283593012,270.98416480630937
Seeds,CCKM(quantile),0.02,9,0.9239611748879626,0.7138661313865737,271.5961774306013
Seeds,Maxmin,0.05,0,2.9220308550674097,0.7714895718109315,271.31094763343856
Seeds,CCKM(equal),0.05,0,0.09206466651963902,0.7714895718109315,271.31094763343856
Seeds,CCKM(quantile),0.05,0,0.025426336601895572,0.7492966572066588,271.78131126743637
Seeds,Maxmin,0.05,1,2.631904724431922,0.7504797925423856,272.0152247549289
Seeds,CCKM(equal),0.05,1,0.1942174778341468,0.7714895718109315,272.105695865544
Seeds,CCKM(quantile),0.05,1,0.6294896539449036,0.79798581732274,272.01831746059963
Seeds,Maxmin,0.05,2,3.2273939480129967,0.7725184346123231,273.98151817365715
Seeds,CCKM(equal),0.05,2,0.39744222734368656,0.7730246875577171,273.1500744993213
Seeds,CCKM(quantile),0.05,2,0.6592529327196409,0.7730246875577171,273.1500744993213
Seeds,Maxmin,0.05,3,2.7350900952228474,0.7852162767302163,271.64356464587206
Seeds,CCKM(equal),0.05,3,0.5918715732441185,0.7579931685726785,271.40882152735753
Seeds,CCKM(quantile),0.05,3,0.9421727236179517,0.7138661313865737,271.5384780006592
Seeds,Maxmin,0.05,4,3.926970048294025,0.771329723062008,271.369331537109
Seeds,CCKM(equal),0.05,4,0.927300284665534,0.7482670746900538,272.22851438248904
Seeds,CCKM(quantile),0.05,4,0.6374564874716261,0.7732937360806309,271.7470246582881
Seeds,Maxmin,0.05,5,3.5114788040913716,0.7138661313865737,271.95724340210063
Seeds,CCKM(equal),0.05,5,0.5793486657869137,0.7579931685726785,271.75414550927997
Seeds,CCKM(quantile),0.05,5,0.06926271208339212,0.7579931685726785,271.75414550927997
Seeds,Maxmin,0.05,6,2.2073669581635493,0.7850359051341558,270.5763532807317
Seeds,CCKM(equal),0.05,6,0.39356364692564716,0.7579931685726785,271.0135586860245
Seeds,CCKM(quantile),0.05,6,0.053142518659210415,0.7730246875577171,271.2225917387922
Seeds,Maxmin,0.05,7,1.6862041996709285,0.7138661313865737,272.52966949782615
Seeds,CCKM(equal),0.05,7,0.7409926355429576,0.7598152004023465,272.6033922500578
Seeds,CCKM(quantile),0.05,7,0.9921699549482446,0.7138661313865737,272.52966949782615
Seeds,Maxmin,0.05,8,2.908598473826359,0.7966648934416428,274.0892152336288
Seeds,CCKM(equal),0.05,8,0.9754132011900554,0.7832142231529721,273.8611667589696
Seeds,CCKM(quantile),0.05,8,0.954307021370589,0.7832142231529721,273.8611667589696
Seeds,Maxmin,0.05,9,3.0574390206920636,0.7138661313865737,273.5844002842897
Seeds,CCKM(equal),0.05,9,1.963943151849051,0.7732937360806309,272.80296324687896
Seeds,CCKM(quantile),0.05,9,0.945242374076401,0.7138661313865737,273.7573598958593
Ecoli,Maxmin,0.01,0,0.25684901990289516,0.504006954682032,148.4965218064643
Ecoli,CCKM(equal),0.01,0,0.24274409373761988,0.49157048351308996,147.9813457152657
Ecoli,CCKM(quantile),0.01,0,0.020830025594176908,0.39207491884221124,183.96771003660035
Ecoli,Maxmin,0.01,1,1.0761193930552828,0.5007459304707064,163.32022238486255
Ecoli,CCKM(equal),0.01,1,0.7429113614612494,0.49471763278710457,163.3463646750198
Ecoli,CCKM(quantile),0.01,1,0.07769044522490395,0.40038483990227663,160.14317183161648
Ecoli,Maxmin,0.01,2,0.25684901990289516,0.500878056538388,148.56445108042243
Ecoli,CCKM(equal),0.01,2,0.25677144571040994,0.5022583415726805,151.14506628168877
Ecoli,CCKM(quantile),0.01,2,0.019924109661407972,0.3509136257835294,182.54359730409956
Ecoli,Maxmin,0.01,3,0.5447988005366247,0.6762529591179883,186.93905445634744
Ecoli,CCKM(equal),0.01,3,0.5137593949916849,0.6807829729839995,186.240294826524
Ecoli,CCKM(quantile),0.01,3,0.11529247137777975,0.3508449429984561,160.5014894364141
Ecoli,Maxmin,0.01,4,1.010067402335625,0.6685448675100247,185.12371198907738
Ecoli,CCKM(equal),0.01,4,0.5510508273067176,0.4856819506528684,148.34770655117757
Ecoli,CCKM(quantile),0.01,4,0.13625134853153406,0.44293734756316,126.96017504678504
Ecoli,Maxmin,0.01,5,1.2015398255046672,0.6877678076579298,202.43760320278415
Ecoli,CCKM(equal),0.01,5,0.9768258919661892,0.6832226516118379,203.23628942480804
Ecoli,CCKM(quantile),0.01,5,0.16283654914921097,0.45667367005097365,126.83496818477228
Ecoli,Maxmin,0.01,6,0.40677335369873,0.49492561579235145,150.9510762126023
Ecoli,CCKM(equal),0.01,6,0.26658164773541104,0.4973964441778246,148.54923650910825
Ecoli,CCKM(quantile),0.01,6,0.020964023334910716,0.3481939843313534,183.38071079755125
Ecoli,Maxmin,0.01,7,0.42914204348718343,0.500878056538388,148.8719206587403
Ecoli,CCKM(equal),0.01,7,0.6454135377939592,0.49157048351308996,148.4168472808642
Ecoli,CCKM(quantile),0.01,7,0.03637907133854821,0.4570672690045714,127.75881092631816
Ecoli,Maxmin,0.01,8,0.9465709697560041,0.6842214848534552,203.2016594690424
Ecoli,CCKM(equal),0.01,8,0.9165102514773662,0.6865762421405419,195.77396343698086
Ecoli,CCKM(quantile),0.01,8,0.16186210145838392,0.3826378312680145,124.5560202070445
Ecoli,Maxmin,0.01,9,1.0385137314029858,0.4547349002345933,136.6766960879583
Ecoli,CCKM(equal),0.01,9,0.4650767176137107,0.4858151224778156,149.03893412510968
Ecoli,CCKM(quantile),0.01,9,0.04721222361364447,0.38697251666180976,187.3060550761126
Ecoli,Maxmin,0.02,0,0.6265394491144566,0.6762529591179883,187.0536315756105
Ecoli,CCKM(equal),0.02,0,0.829108169007846,0.6807829729839995,186.35527916120608
Ecoli,CCKM(quantile),0.02,0,0.13390173324975174,0.36947185397502463,157.57243788450302
Ecoli,Maxmin,0.02,1,1.041088293249365,0.43526067140118063,174.6634680467127
Ecoli,CCKM(equal),0.02,1,1.2786228249459213,0.4687933723026524,202.37255990984258
Ecoli,CCKM(quantile),0.02,1,0.19311361534562835,0.4563299385596059,144.64153625898106
Ecoli,Maxmin,0.02,2,0.9929563367141317,0.6852972468851138,193.19119585013428
Ecoli,CCKM(equal),0.02,2,0.8491231842593264,0.6879363971612509,197.41049572894264
Ecoli,CCKM(quantile),0.02,2,0.12005125945321334,0.32690230331836595,183.42744333486758
Ecoli,Maxmin,0.02,3,1.164657060448934,0.5021907234163463,163.3613385576657
Ecoli,CCKM(equal),0.02,3,1.11312281450112,0.47147764272556125,195.10411472605037
Ecoli,CCKM(quantile),0.02,3,0.11906273677649852,0.2947543387371666,156.80876628747984
Ecoli,Maxmin,0.02,4,1.389862015093073,0.6832226516118379,203.42438377888357
Ecoli,CCKM(equal),0.02,4,1.1566911392138295,0.4687933723026524,202.38393469703777
Ecoli,CCKM(quantile),0.02,4,0.11671197480876828,0.35356681825286757,152.46426936103924
Ecoli,Maxmin,0.02,5,1.5538886274023094,0.6798489649079137,238.9957176462836
Ecoli,CCKM(equal),0.02,5,1.1635890775151627,0.6798489649079137,238.9957176462836
Ecoli,CCKM(quantile),0.02,5,0.1872936462863165,0.45767400527606994,127.62942716885158
Ecoli,Maxmin,0.02,6,0.9889348031979877,0.4958561996513769,163.60477178047714
Ecoli,CCKM(equal),0.02,6,0.7689730668041244,0.503792400720218,151.56219326234609
Ecoli,CCKM(quantile),0.02,6,0.1414474941696195,0.3823352604787932,128.2549211150628
Ecoli,Maxmin,0.02,7,1.2553385524899017,0.6841174647902623,194.23197740894364
Ecoli,CCKM(equal),0.02,7,0.9007070031456831,0.6832226516118379,203.73417141373824
Ecoli,CCKM(quantile),0.02,7,0.04125733988056772,0.380690566918423,157.41017831892714
Ecoli,Maxmin,0.02,8,1.6388520900098331,0.6773336470359393,246.44476025062534
Ecoli,CCKM(equal),0.02,8,1.4512540379286167,0.6797044505780137,207.05735681774604
Ecoli,CCKM(quantile),0.02,8,0.12007815343774278,0.42600441836339065,126.5491398688451
Ecoli,Maxmin,0.02,9,1.3983473053724957,0.48995813847738184,165.13063501211258
Ecoli,CCKM(equal),0.02,9,0.9492991386922073,0.4894004243950324,165.5182036580822
Ecoli,CCKM(quantile),0.02,9,0.07263783249943896,0.41654318380273914,193.57435405990333
Ecoli,Maxmin,0.05,0,1.7850998141210201,0.4713272196525863,203.17934879613586
Ecoli,CCKM(equal),0.05,0,1.3865602365854586,0.6832226516118379,204.17256743080344
Ecoli,CCKM(quantile),0.05,0,0.19468113100807122,0.40603752361557727,159.3714732634982
Ecoli,Maxmin,0.05,1,1.2876067973833971,0.46929758852656883,204.38380419111974
Ecoli,CCKM(equal),0.05,1,1.1501141071389154,0.49043533971443887,165.31587932244219
Ecoli,CCKM(quantile),0.05,1,0.20637153640840766,0.41896132893545085,180.2796717614959
Ecoli,Maxmin,0.05,2,1.809603029150137,0.6797044505780137,207.87948911706007
Ecoli,CCKM(equal),0.05,2,1.5947856314945825,0.6973515235485876,247.0367861392321
Ecoli,CCKM(quantile),0.05,2,0.16810506020108515,0.45779287768385035,142.2850731618227
Ecoli,Maxmin,0.05,3,1.6336631239255683,0.5944101048764167,206.28723381337647
Ecoli,CCKM(equal),0.05,3,1.192052594225944,0.6879363971612509,199.4878395895684
Ecoli,CCKM(quantile),0.05,3,0.23900011810078542,0.31436326112159263,157.24173898897828
Ecoli,Maxmin,0.05,4,2.2466423926539973,0.4687933723026524,206.9276250188749
Ecoli,CCKM(equal),0.05,4,1.533191321960253,0.6973515235485876,247.56197695044077
Ecoli,CCKM(quantile),0.05,4,0.21807234981818593,0.3920451420075522,162.25929181323508
Ecoli,Maxmin,0.05,5,1.9870369028230601,0.691309863207656,245.5937804568571
Ecoli,CCKM(equal),0.05,5,1.3889309008364812,0.6804406970167803,208.1984190746163
Ecoli,CCKM(quantile),0.05,5,0.24534651314671216,0.36770779066021486,126.25066393317758
Ecoli,Maxmin,0.05,6,2.2158001721936236,0.6997423249203865,243.78847095030147
Ecoli,CCKM(equal),0.05,6,1.4953479639816223,0.682322102512188,208.35538570285837
Ecoli,CCKM(quantile),0.05,6,0.1887910519751028,0.3839677351812121,129.91252997544393
Ecoli,Maxmin,0.05,7,1.8111451135941214,0.682322102512188,211.11631608698826
Ecoli,CCKM(equal),0.05,7,1.4753265157289426,0.6832226516118379,207.68800624514606
Ecoli,CCKM(quantile),0.05,7,0.2332626771696864,0.35997866719053473,159.15095568453145
Ecoli,Maxmin,0.05,8,1.6388520900098331,0.6773336470359393,247.06209404468166
Ecoli,CCKM(equal),0.05,8,1.8436032392147035,0.6773336470359393,247.7429829226549
Ecoli,CCKM(quantile),0.05,8,0.18873657513054615,0.4028157202336751,131.49895064035985
Ecoli,Maxmin,0.05,9,2.492836602713952,0.658464961568557,204.9972614687386
Ecoli,CCKM(equal),0.05,9,1.1535945049090146,0.658464961568557,203.55926502789976
Ecoli,CCKM(quantile),0.05,9,0.19708737833040316,0.4582069060852633,139.58815073829436
Tetra,Maxmin,0.01,0,0.8747085665767256,0.7444169486313069,182.5239171233751
Tetra,CCKM(equal),0.01,0,0.01757204918832215,0.6945831319584741,182.0979232343382
Tetra,CCKM(quantile),0.01,0,0.004056547296634731,0.7564093953800746,181.94599078567052
Tetra,Maxmin,0.01,1,1.2600259222090395,0.7291514551086092,182.71862082028392
Tetra,CCKM(equal),0.01,1,0.28618135222808816,0.7291514551086092,182.71862082028392
Tetra,CCKM(quantile),0.01,1,0.03415041538748123,0.7537602140840207,182.49526801456165
Tetra,Maxmin,0.01,2,1.3352958893765876,0.731380532237521,181.75357184576052
Tetra,CCKM(equal),0.01,2,0.3428420202340803,0.731380532237521,181.75357184576052
Tetra,CCKM(quantile),0.01,2,0.019928500678856684,0.7564093953800746,181.89937846007388
Tetra,Maxmin,0.01,3,1.1767966813225796,0.7564093953800746,181.90669080265985
Tetra,CCKM(equal),0.01,3,0.048653634113729013,0.6940564227595907,182.07489210523102
Tetra,CCKM(quantile),0.01,3,0.01570150831747659,0.7192009114272845,181.80875420582453
Tetra,Maxmin,0.01,4,1.350999789753244,0.6503845836221687,238.85803603679133
Tetra,CCKM(equal),0.01,4,0.32549534027166593,0.6503845836221687,238.85803603679133
Tetra,CCKM(quantile),0.01,4,0.04724719538119326,0.7275264968348671,181.93715896842292
Tetra,Maxmin,0.01,5,1.3775384119205931,0.5463250209016923,210.225593754471
Tetra,CCKM(equal),0.01,5,0.31020143429948277,0.7420165918051863,182.61832685189475
Tetra,CCKM(quantile),0.01,5,0.03413373838667242,0.7420165918051863,182.61832685189475
Tetra,Maxmin,0.01,6,0.37465909542548514,0.7564093953800746,181.9254677748936
Tetra,CCKM(equal),0.01,6,0.018612506407503268,0.7061657081348932,181.9106431439262
Tetra,CCKM(quantile),0.01,6,0.015447964864293048,0.7564093953800746,181.9254677748936
Tetra,Maxmin,0.01,7,1.034368835244185,0.7379605799212164,182.60602728563055
Tetra,CCKM(equal),0.01,7,0.28264989435108034,0.7379605799212164,182.60602728563055
Tetra,CCKM(quantile),0.01,7,0.012494764021837149,0.7237481665572469,181.84971825439976
Tetra,Maxmin,0.01,8,1.95378798964127,0.6570957151848135,239.14492962772977
Tetra,CCKM(equal),0.01,8,0.29296031901705466,0.7388372353081794,183.02894152611452
Tetra,CCKM(quantile),0.01,8,0.034784816798555086,0.7450697598814299,182.90014518435186
Tetra,Maxmin,0.01,9,0.6396565708026595,0.7275264968348671,181.8686512146193
Tetra,CCKM(equal),0.01,9,0.28536525832117526,0.731380532237521,181.87041458121394
Tetra,CCKM(quantile),0.01,9,0.04168805145362732,0.7418732355478338,182.37208405377177
Tetra,Maxmin,0.02,0,1.2588873055159722,0.7330175610364488,182.7144444131664
Tetra,CCKM(equal),0.02,0,0.2995744184895476,0.7330175610364488,182.7144444131664
Tetra,CCKM(quantile),0.02,0,0.014268287322846357,0.7000188799447534,182.30230075981996
Tetra,Maxmin,0.02,1,1.457370158794478,0.7379605799212164,183.09175255747795
Tetra,CCKM(equal),0.02,1,0.3310061969567787,0.7379605799212164,183.09175255747795
Tetra,CCKM(quantile),0.02,1,0.044742602082302144,0.7340740791238102,183.09006529404346
Tetra,Maxmin,0.02,2,1.514258983397228,0.6958326530622545,182.29466218298097
Tetra,CCKM(equal),0.02,2,0.28780681028260147,0.6503845836221687,238.88753012974317
Tetra,CCKM(quantile),0.02,2,0.034999206121183235,0.7564093953800746,182.0940011199375
Tetra,Maxmin,0.02,3,1.264917022978698,0.7495935418968583,182.4356067096548
Tetra,CCKM(equal),0.02,3,0.29223083192488086,0.7450697598814299,182.7492009597724
Tetra,CCKM(quantile),0.02,3,0.04132328588044537,0.7450697598814299,182.7492009597724
Tetra,Maxmin,0.02,4,1.350999789753244,0.6503845836221687,239.1716030965652
Tetra,CCKM(equal),0.02,4,0.32664843296131363,0.738036607052007,183.05784566775637
Tetra,CCKM(quantile),0.02,4,0.0662785345460481,0.7275264968348671,182.29046094672788
Tetra,Maxmin,0.02,5,1.7992096228924646,0.6968828064177426,185.19124149552263
Tetra,CCKM(equal),0.02,5,0.30981484789582536,0.6968828064177426,185.19124149552263
Tetra,CCKM(quantile),0.02,5,0.02974424061652491,0.740977132619799,182.91105598319803
Tetra,Maxmin,0.02,6,0.766252958732883,0.7496098674382313,182.40900836805878
Tetra,CCKM(equal),0.02,6,0.39256142952967177,0.731380532237521,181.87889271159895
Tetra,CCKM(quantile),0.02,6,0.015041553360490607,0.7496098674382313,182.40900836805878
Tetra,Maxmin,0.02,7,1.8003136820438406,0.7450697598814299,182.88993360789166
Tetra,CCKM(equal),0.02,7,0.2911470275310506,0.7450697598814299,182.88993360789166
Tetra,CCKM(quantile),0.02,7,0.03200366848478836,0.7457049555613706,182.57947234140926
Tetra,Maxmin,0.02,8,1.95378798964127,0.6605432196398086,239.58777908625814
Tetra,CCKM(equal),0.02,8,0.3038858701852525,0.7440280309188305,183.48469717553812
Tetra,CCKM(quantile),0.02,8,0.04971192996812504,0.7459616629084006,183.12572140699677
Tetra,Maxmin,0.02,9,1.7334337021413018,0.740977132619799,183.01813985369103
Tetra,CCKM(equal),0.02,9,0.2848006342413947,0.6632624538209428,182.85389163035885
Tetra,CCKM(quantile),0.02,9,0.06107235523150863,0.740977132619799,183.01813985369103
Tetra,Maxmin,0.05,0,1.5177130737152993,0.7398092150855654,183.83449918407916
Tetra,CCKM(equal),0.05,0,0.31766061111875954,0.6727733726370787,183.4326112208161
Tetra,CCKM(quantile),0.05,0,0.0752410095876766,0.7460717804604732,183.7108460604503
Tetra,Maxmin,0.05,1,1.6066050871160606,0.7358001052311601,185.46474042435153
Tetra,CCKM(equal),0.05,1,0.40059500193605724,0.7358001052311601,185.46474042435153
Tetra,CCKM(quantile),0.05,1,0.10230042500524703,0.7253831714591531,185.71264443815406
Tetra,Maxmin,0.05,2,1.751059465033488,0.5592335342824258,226.57262853774802
Tetra,CCKM(equal),0.05,2,0.3863964962913764,0.7419232419190758,183.92993825510442
Tetra,CCKM(quantile),0.05,2,0.09393763562907725,0.7353098587817608,183.14392070302782
Tetra,Maxmin,0.05,3,1.843302226556628,0.740977132619799,183.39665477322478
Tetra,CCKM(equal),0.05,3,0.3147670791398602,0.6503845836221687,239.06202271183275
Tetra,CCKM(quantile),0.05,3,0.05381608419987001,0.740977132619799,183.39665477322478
Tetra,Maxmin,0.05,4,2.0647643761270658,0.552207192164735,213.51607935332234
Tetra,CCKM(equal),0.05,4,0.31565364333232254,0.7389803555314356,185.79114020364997
Tetra,CCKM(quantile),0.05,4,0.08614588978076372,0.7312826219431418,185.90092427705784
Tetra,Maxmin,0.05,5,1.7992096228924646,0.5458262923553331,211.79220994297577
Tetra,CCKM(equal),0.05,5,0.2893438856732141,0.6968828064177426,185.8969170195349
Tetra,CCKM(quantile),0.05,5,0.6169518408740712,0.736959590737053,183.69066194814238
Tetra,Maxmin,0.05,6,1.9368189015818043,0.7429449516132208,184.4496398809029
Tetra,CCKM(equal),0.05,6,0.874312315817793,0.731380532237521,183.1659232896821
Tetra,CCKM(quantile),0.05,6,0.07276935164336185,0.7486897760997485,183.84394933556578
Tetra,Maxmin,0.05,7,1.6500763482747423,0.7450697598814299,183.54166733404085
Tetra,CCKM(equal),0.05,7,0.28408865892454993,0.7450697598814299,183.54166733404085
Tetra,CCKM(quantile),0.05,7,0.04037496571621792,0.756308053658406,183.0000025658744
Tetra,Maxmin,0.05,8,1.897919191857961,0.7398763697596948,184.63677672258535
Tetra,CCKM(equal),0.05,8,0.31884056208704525,0.6891437873071417,187.86063042018344
Tetra,CCKM(quantile),0.05,8,0.07830862127964056,0.7398763697596948,184.63677672258535
Tetra,Maxmin,0.05,9,2.0773257855949456,0.7460717804604732,184.23988180358882
Tetra,CCKM(equal),0.05,9,0.2979280093810938,0.686128512519308,184.09077225769263
Tetra,CCKM(quantile),0.05,9,0.06534616343865422,0.7460717804604732,184.23988180358882
Chainlink,Maxmin,0.01,0,1.0821588003713394,0.06877392398921657,1270.979258878533
Chainlink,CCKM(equal),0.01,0,0.8159540946771527,0.0011162163210204088,1217.7404512370958
Chainlink,CCKM(quantile),0.01,0,0.0012559599842204578,0.22033878440426938,1298.5887493356145
Chainlink,Maxmin,0.01,1,1.9519644638337055,0.22033878440426938,1298.752736549938
Chainlink,CCKM(equal),0.01,1,0.8316507617450373,0.22033878440426938,1298.752736549938
Chainlink,CCKM(quantile),0.01,1,0.010715225484853657,0.22033878440426938,1298.752736549938
Chainlink,Maxmin,0.01,2,2.054818841322095,0.06982492734098458,1273.331357575005
Chainlink,CCKM(equal),0.01,2,0.8160831516330928,0.0011163124060147981,1217.676341908382
Chainlink,CCKM(quantile),0.01,2,0.013684331601842972,0.22033878440426938,1298.672412324203
Chainlink,Maxmin,0.01,3,2.6875127732487822,0.002137138276553106,1217.5404432168298
Chainlink,CCKM(equal),0.01,3,0.7826413289026409,0.0015006010520439827,1217.6020107095437
Chainlink,CCKM(quantile),0.01,3,0.005999410599180703,0.22033878440426938,1298.582969867106
Chainlink,Maxmin,0.01,4,2.96556442365753,0.002137138276553106,1217.6647947720958
Chainlink,CCKM(equal),0.01,4,0.8404745846000945,0.21659542736905124,1298.516856637744
Chainlink,CCKM(quantile),0.01,4,0.004308978234903546,0.21659542736905124,1298.516856637744
Chainlink,Maxmin,0.01,5,1.7216899023099117,0.06983244324369713,1270.8608915424459
Chainlink,CCKM(equal),0.01,5,0.8265163694357012,0.2147357788273407,1298.5284971168285
Chainlink,CCKM(quantile),0.01,5,0.004603851048700754,0.2147357788273407,1298.5284971168285
Chainlink,Maxmin,0.01,6,0.9543539901927578,0.21659542736905124,1298.4757525662503
Chainlink,CCKM(equal),0.01,6,0.8109580409169598,0.001704769429754265,1217.6134716202923
Chainlink,CCKM(quantile),0.01,6,0.007102282688460111,0.21659542736905124,1298.4757525662503
Chainlink,Maxmin,0.01,7,1.2998355692300416,0.06983244324369713,1270.8215245671227
Chainlink,CCKM(equal),0.01,7,0.8042541670386095,0.0011162163210204088,1217.7046759646946
Chainlink,CCKM(quantile),0.01,7,0.007005208793607857,0.22033878440426938,1298.5558381269022
Chainlink,Maxmin,0.01,8,2.1844449548429656,0.0011162163210204088,1217.8784900677224
Chainlink,CCKM(equal),0.01,8,0.8112941332458057,0.0011162163210204088,1217.8784900677224
Chainlink,CCKM(quantile),0.01,8,0.0027437881378558943,0.22033878440426938,1298.7647379444763
Chainlink,Maxmin,0.01,9,2.205787245527807,0.23758088136015704,1322.1610734236256
Chainlink,CCKM(equal),0.01,9,0.8243350583609802,0.0015006010520439827,1217.630939270282
Chainlink,CCKM(quantile),0.01,9,0.010991014155076284,0.20555783559146776,1298.5742614453206
Chainlink,Maxmin,0.02,0,1.5912927539474486,0.06772127363103154,1270.9918245411804
Chainlink,CCKM(equal),0.02,0,0.8227566653714264,0.2147357788273407,1298.6123255053471
Chainlink,CCKM(quantile),0.02,0,0.012750202980813492,0.2147357788273407,1298.6123255053471
Chainlink,Maxmin,0.02,1,1.9519644638337055,0.0007639597698034921,1218.6068639629605
Chainlink,CCKM(equal),0.02,1,0.8306159967294495,0.21659542736905124,1299.5016055499439
Chainlink,CCKM(quantile),0.02,1,0.021636568153875366,0.21846309589253318,1299.416431268835
Chainlink,Maxmin,0.02,2,2.054818841322095,0.07089420225559541,1274.342307974853
Chainlink,CCKM(equal),0.02,2,0.816267888427726,0.0011163124060147981,1218.064211843231
Chainlink,CCKM(quantile),0.02,2,0.018462126432942302,0.22033878440426938,1299.1293752063461
Chainlink,Maxmin,0.02,3,1.6704602051756652,0.06983617132497692,1270.8157157850974
Chainlink,CCKM(equal),0.02,3,0.8103791101807815,0.0009360800252549863,1217.7571646503557
Chainlink,CCKM(quantile),0.02,3,0.015236918627357033,0.20920495302222483,1298.739437559865
Chainlink,Maxmin,0.02,4,2.96556442365753,0.0011163124060147981,1217.9944575282302
Chainlink,CCKM(equal),0.02,4,0.841180065860272,0.22033878440426938,1298.8517353737145
Chainlink,CCKM(quantile),0.02,4,0.010215587357895003,0.22033878440426938,1298.8517353737145
Chainlink,Maxmin,0.02,5,1.7216899023099117,0.06771903169803198,1271.0117358856721
Chainlink,CCKM(equal),0.02,5,0.8221541169781442,0.22033878440426938,1298.6941231273302
Chainlink,CCKM(quantile),0.02,5,0.010708215864712538,0.22033878440426938,1298.6941231273302
Chainlink,Maxmin,0.02,6,1.8397134286189867,0.06877243105538616,1270.931521736744
Chainlink,CCKM(equal),0.02,6,0.8290300938416396,0.22033878440426938,1298.801446756831
Chainlink,CCKM(quantile),0.02,6,0.015072681567502593,0.22033878440426938,1298.801446756831
Chainlink,Maxmin,0.02,7,1.537682877546884,0.06877392398921657,1271.0299026539988
Chainlink,CCKM(equal),0.02,7,0.801548828711518,0.0013043686538280622,1217.873244729905
Chainlink,CCKM(quantile),0.02,7,0.002279471272018698,0.22033878440426938,1298.6862818634531
Chainlink,Maxmin,0.02,8,1.4968909608622882,0.06877172937483224,1271.0378646307015
Chainlink,CCKM(equal),0.02,8,0.822252494923976,0.0009360800252549863,1218.2560865259456
Chainlink,CCKM(quantile),0.02,8,0.018357934179198773,0.21846309589253318,1299.3283852458594
Chainlink,Maxmin,0.02,9,2.888044266691132,0.002137138276553106,1217.7796165906211
Chainlink,CCKM(equal),0.02,9,0.8230791934774297,0.0019169218360043214,1217.772706790681
Chainlink,CCKM(quantile),0.02,9,0.01261871608100832,0.21288415026053306,1298.532911965225
Chainlink,Maxmin,0.05,0,3.071336243841655,0.0009360800252549863,1218.5091410728737
Chainlink,CCKM(equal),0.05,0,0.8252913155878298,0.22033878440426938,1299.8436410486283
Chainlink,CCKM(quantile),0.05,0,0.02735929972591766,0.22033878440426938,1299.8436410486283
Chainlink,Maxmin,0.05,1,2.8349740536465036,0.0011163124060147981,1219.3676092682679
Chainlink,CCKM(equal),0.05,1,0.8425848881580179,0.21846309589253318,1300.717575334973
Chainlink,CCKM(quantile),0.05,1,0.03648363383574939,0.21846309589253318,1300.717575334973
Chainlink,Maxmin,0.05,2,1.8712628725504556,0.06982597122362451,1276.732937328419
Chainlink,CCKM(equal),0.05,2,0.8766253264780628,0.21659542736905124,1300.6543138081533
Chainlink,CCKM(quantile),0.05,2,0.029478099067948866,0.21659542736905124,1300.6543138081533
Chainlink,Maxmin,0.05,3,2.219819416871375,0.06983787132011998,1272.5370102214397
Chainlink,CCKM(equal),0.05,3,0.8579367953064109,0.20194279789943428,1299.7583887343499
Chainlink,CCKM(quantile),0.05,3,0.047680995966714435,0.20194279789943428,1299.7583887343499
Chainlink,Maxmin,0.05,4,3.0344959439293215,0.0019169218360043214,1219.4726412963994
Chainlink,CCKM(equal),0.05,4,0.8277478473148061,0.2222224929103572,1300.9043462643424
Chainlink,CCKM(quantile),0.05,4,0.016633608395459284,0.22033878440426938,1300.464875187185
Chainlink,Maxmin,0.05,5,3.299930162169787,0.0007639597698034921,1219.1573284842516
Chainlink,CCKM(equal),0.05,5,0.8831138529574394,0.21659542736905124,1300.9012404034593
Chainlink,CCKM(quantile),0.05,5,0.030775240420315205,0.21659542736905124,1300.9012404034593
Chainlink,Maxmin,0.05,6,1.8397134286189867,0.06771903169803198,1272.0923737705843
Chainlink,CCKM(equal),0.05,6,0.8351696446537734,0.21846309589253318,1300.131410710359
Chainlink,CCKM(quantile),0.05,6,0.03327580405618,0.22033878440426938,1299.8129729600769
Chainlink,Maxmin,0.05,7,3.114826169944851,0.0019169218360043214,1218.3824802438398
Chainlink,CCKM(equal),0.05,7,0.8371564110008904,0.22033878440426938,1299.5990432714952
Chainlink,CCKM(quantile),0.05,7,0.010068509864760914,0.22033878440426938,1299.5990432714952
Chainlink,Maxmin,0.05,8,3.1167452937138207,0.0005998555575520814,1220.7446574908613
Chainlink,CCKM(equal),0.05,8,0.9723939345198884,0.21659542736905124,1301.3409410762865
Chainlink,CCKM(quantile),0.05,8,0.03922593295151897,0.21659542736905124,1301.2473031709067
Chainlink,Maxmin,0.05,9,3.2776329186065327,0.001500505004005992,1218.2173697656096
Chainlink,CCKM(equal),0.05,9,0.8504177484355444,0.21288415026053306,1298.8394262685888
Chainlink,CCKM(quantile),0.05,9,0.036668060533594705,0.21288415026053306,1298.8347773006724
Flame,Maxmin,0.01,0,0.0,0.4312028536684043,292.35053971612416
Flame,CCKM(equal),0.01,0,0.0,0.4202316411346328,296.7989726018403
Flame,CCKM(quantile),0.01,0,0.003949084627301277,0.42025484355915355,292.3687383563102
Flame,Maxmin,0.01,1,2.2034415573385218,0.46487207541607295,296.9152447873091
Flame,CCKM(equal),0.01,1,1.152945987152782,0.40944024485706926,292.46484926984516
Flame,CCKM(quantile),0.01,1,0.9376641788344566,0.4534129232216995,292.91897514537715
Flame,Maxmin,0.01,2,0.0,0.40944024485706926,292.3607242890379
Flame,CCKM(equal),0.01,2,0.005700462682841109,0.4202316411346328,296.79343016361923
Flame,CCKM(quantile),0.01,2,0.8775735295950097,0.4202316411346328,296.79343016361923
Flame,Maxmin,0.01,3,2.0987722837930622,0.4312028536684043,292.3517230409162
Flame,CCKM(equal),0.01,3,0.9335030554749292,0.4312028536684043,292.3517230409162
Flame,CCKM(quantile),0.01,3,0.008641188962259995,0.4312028536684043,292.3517230409162
Flame,Maxmin,0.01,4,2.583688674762789,0.39875873895443403,292.614414786156
Flame,CCKM(equal),0.01,4,0.46731612684227647,0.4202316411346328,296.9994481716411
Flame,CCKM(quantile),0.01,4,0.8692556039601623,0.4202316411346328,296.9994481716411
Flame,Maxmin,0.01,5,1.6741338974113265,0.4421506504554051,293.0388259572811
Flame,CCKM(equal),0.01,5,1.406962334020496,0.40944024485706926,292.5310204980758
Flame,CCKM(quantile),0.01,5,0.021950294322037312,0.40944024485706926,292.5310204980758
Flame,Maxmin,0.01,6,0.0,0.40944024485706926,292.37887728881856
Flame,CCKM(equal),0.01,6,0.8971622133518847,0.39875873895443403,292.3903226009395
Flame,CCKM(quantile),0.01,6,0.016762019047680987,0.39875873895443403,292.3903226009395
Flame,Maxmin,0.01,7,1.109928088730311,0.4534129232216995,292.90357172484426
Flame,CCKM(equal),0.01,7,0.429375259800232,0.45350042255159556,296.868829722311
Flame,CCKM(quantile),0.01,7,0.008538942167287322,0.40944024485706926,292.44706764402235
Flame,Maxmin,0.01,8,1.80588814963762,0.49955115517715365,304.7231196447367
Flame,CCKM(equal),0.01,8,1.3077002652643395,0.4202316411346328,292.70579094323443
Flame,CCKM(quantile),0.01,8,0.021950294322037312,0.4202316411346328,292.70579094323443
Flame,Maxmin,0.01,9,2.012964367691541,0.38821001520821996,292.68216509077297
Flame,CCKM(equal),0.01,9,0.3276827152426188,0.40940479074972436,297.34317124624863
Flame,CCKM(quantile),0.01,9,0.03510279297977427,0.39875873895443403,292.6088416759967
Flame,Maxmin,0.02,0,0.0,0.4534129232216995,292.8383690081213
Flame,CCKM(equal),0.02,0,0.8957334543119148,0.42025484355915355,292.3693763539895
Flame,CCKM(quantile),0.02,0,0.013569869091495284,0.42025484355915355,292.3693763539895
Flame,Maxmin,0.02,1,2.3021886949220707,0.4202316411346328,297.0475046181677
Flame,CCKM(equal),0.02,1,0.33914832522308785,0.4202316411346328,297.0475046181677
Flame,CCKM(quantile),0.02,1,0.8855216587821466,0.4202316411346328,297.0475046181677
Flame,Maxmin,0.02,2,2.4912507846026326,0.39875873895443403,292.4768135508581
Flame,CCKM(equal),0.02,2,0.14554071918245984,0.4202316411346328,296.89410105595994
Flame,CCKM(quantile),0.02,2,0.8828918877624066,0.4202316411346328,296.89410105595994
Flame,Maxmin,0.02,3,2.0987722837930622,0.39875873895443403,292.41212874192956
Flame,CCKM(equal),0.02,3,0.9444138328344303,0.39875873895443403,292.41212874192956
Flame,CCKM(quantile),0.02,3,0.026521178976122044,0.39875873895443403,292.41212874192956
Flame,Maxmin,0.02,4,2.583688674762789,0.38821001520821996,292.897560175879
Flame,CCKM(equal),0.02,4,0.46520147000710055,0.4202316411346328,297.11233500019773
Flame,CCKM(quantile),0.02,4,0.8750449509016739,0.4202316411346328,297.11233500019773
Flame,Maxmin,0.02,5,1.6741338974113265,0.43102068941933036,293.2801767967143
Flame,CCKM(equal),0.02,5,1.526274460986175,0.39875873895443403,292.73925359972856
Flame,CCKM(quantile),0.02,5,0.0527900976687326,0.39875873895443403,292.73925359972856
Flame,Maxmin,0.02,6,0.0,0.39875873895443403,292.41831167202133
Flame,CCKM(equal),0.02,6,0.8885020855923036,0.42025484355915355,292.4103706258287
Flame,CCKM(quantile),0.02,6,0.8855216587821466,0.4202316411346328,296.8376596095752
Flame,Maxmin,0.02,7,1.109928088730311,0.4534129232216995,292.8835497294952
Flame,CCKM(equal),0.02,7,0.4756072989123031,0.4312028536684043,296.9807645459958
Flame,CCKM(quantile),0.02,7,0.04678253174822972,0.40944024485706926,292.4325136553696
Flame,Maxmin,0.02,8,1.80588814963762,0.49955115517715365,304.72949360500695
Flame,CCKM(equal),0.02,8,0.40271480805068405,0.40944024485706926,297.0450205619866
Flame,CCKM(quantile),0.02,8,0.04947804426051753,0.39875873895443403,292.55481965463264
Flame,Maxmin,0.02,9,2.012964367691541,0.39875873895443403,292.55414971831533
Flame,CCKM(equal),0.02,9,1.1114811326596392,0.38821001520821996,292.6265219767132
Flame,CCKM(quantile),0.02,9,0.026508997873877206,0.39875873895443403,292.55414971831533
Flame,Maxmin,0.05,0,2.0951265538438903,0.49976146542666416,298.0255784752652
Flame,CCKM(equal),0.05,0,0.46382996742454896,0.48799677398902636,297.8276409471048
Flame,CCKM(quantile),0.05,0,0.9545826633376475,0.5235448001414824,305.15393111133005
Flame,Maxmin,0.05,1,2.0857442184335113,0.4996413097908684,306.8021535140764
Flame,CCKM(equal),0.05,1,1.1442138672306246,0.5111724059790677,297.3221805993711
Flame,CCKM(quantile),0.05,1,1.455981098258794,0.5111724059790677,297.3221805993711
Flame,Maxmin,0.05,2,1.3326421395678572,0.38821001520821996,293.4360651601867
Flame,CCKM(equal),0.05,2,1.1323739964536736,0.38821001520821996,293.4360651601867
Flame,CCKM(quantile),0.05,2,1.4072795336097537,0.38821001520821996,293.4360651601867
Flame,Maxmin,0.05,3,1.677318555357818,0.39875873895443403,292.92594721643553
Flame,CCKM(equal),0.05,3,1.291487080912289,0.38824674166223383,293.34353833106036
Flame,CCKM(quantile),0.05,3,0.05166093238536757,0.38824674166223383,293.34353833106036
Flame,Maxmin,0.05,4,2.529666387556565,0.3777937709100014,293.81548933135923
Flame,CCKM(equal),0.05,4,1.1447774123362833,0.38821001520821996,293.6087569994721
Flame,CCKM(quantile),0.05,4,0.07064462012377154,0.38821001520821996,293.6087569994721
Flame,Maxmin,0.05,5,1.874071556423162,0.4421506504554051,293.40653408722676
Flame,CCKM(equal),0.05,5,1.4919209601515167,0.4312028536684043,292.77677065508067
Flame,CCKM(quantile),0.05,5,0.9371948500311179,0.4535113579981151,297.4241839643407
Flame,Maxmin,0.05,6,1.7737050273870214,0.4534129232216995,293.2689658925454
Flame,CCKM(equal),0.05,6,1.128288924904861,0.4202316411346328,292.8319401846636
Flame,CCKM(quantile),0.05,6,0.04674618132870219,0.4202316411346328,292.8319401846636
Flame,Maxmin,0.05,7,2.35825672776459,0.39875873895443403,292.43725103920127
Flame,CCKM(equal),0.05,7,0.49371221442554813,0.4202316411346328,296.9749969315804
Flame,CCKM(quantile),0.05,7,0.9128590144348446,0.4202316411346328,296.9749969315804
Flame,Maxmin,0.05,8,1.80588814963762,0.49955115517715365,305.2341034031182
Flame,CCKM(equal),0.05,8,1.0906402736855092,0.39871060962884936,293.2956089344861
Flame,CCKM(quantile),0.05,8,0.07344543778135182,0.38821001520821996,293.20144350007433
Flame,Maxmin,0.05,9,2.9700075979123772,0.38821001520821996,293.7438512654174
Flame,CCKM(equal),0.05,9,1.1427021326226876,0.38821001520821996,293.7438512654174
Flame,CCKM(quantile),0.05,9,0.8825126978875533,0.3376334405698132,300.2374458534315
Pathbased,Maxmin,0.01,0,0.0,0.4797415258613849,196.70725893405952
Pathbased,CCKM(equal),0.01,0,0.19393359999764026,0.4797415258613849,196.70725893405952
Pathbased,CCKM(quantile),0.01,0,0.5581476156786652,0.4797415258613849,196.70725893405952
Pathbased,Maxmin,0.01,1,1.4620786248361366,0.4797415258613849,196.77167798701205
Pathbased,CCKM(equal),0.01,1,1.165294210322573,0.4797415258613849,196.77167798701205
Pathbased,CCKM(quantile),0.01,1,0.32263429359569856,0.4797415258613849,196.77167798701205
Pathbased,Maxmin,0.01,2,0.0,0.4797415258613849,196.65541466445944
Pathbased,CCKM(equal),0.01,2,0.1955480714246488,0.4797415258613849,196.65541466445944
Pathbased,CCKM(quantile),0.01,2,0.5561814483091984,0.4797415258613849,196.65541466445944
Pathbased,Maxmin,0.01,3,0.2768896060487594,0.4797415258613849,196.67371909191877
Pathbased,CCKM(equal),0.01,3,0.05841394096730112,0.4797415258613849,196.67371909191877
Pathbased,CCKM(quantile),0.01,3,0.0061217920223456505,0.4797415258613849,196.67371909191877
Pathbased,Maxmin,0.01,4,0.7628111825207854,0.4797415258613849,196.9225309195637
Pathbased,CCKM(equal),0.01,4,1.1027087437574625,0.4797415258613849,196.9225309195637
Pathbased,CCKM(quantile),0.01,4,0.015289669699935463,0.4797415258613849,196.9225309195637
Pathbased,Maxmin,0.01,5,1.5206325772815896,0.4797415258613849,196.82655678861516
Pathbased,CCKM(equal),0.01,5,1.0824206680657262,0.07480158831281228,418.2955192423128
Pathbased,CCKM(quantile),0.01,5,0.02896424949503199,0.4797415258613849,196.82655678861516
Pathbased,Maxmin,0.01,6,0.0,0.4797415258613849,196.66553577153795
Pathbased,CCKM(equal),0.01,6,0.19528636527405552,0.4797415258613849,196.66553577153795
Pathbased,CCKM(quantile),0.01,6,0.5561814483091984,0.4797415258613849,196.66553577153795
Pathbased,Maxmin,0.01,7,1.352149692859686,0.4797415258613849,196.76163268000698
Pathbased,CCKM(equal),0.01,7,1.1736059460421215,0.4797415258613849,196.76163268000698
Pathbased,CCKM(quantile),0.01,7,0.016777741417685364,0.4797415258613849,196.76163268000698
Pathbased,Maxmin,0.01,8,1.4927018971933739,0.4797415258613849,196.90079145207545
Pathbased,CCKM(equal),0.01,8,1.0737565927178603,0.4797415258613849,196.90079145207545
Pathbased,CCKM(quantile),0.01,8,0.03344141240951811,0.4797415258613849,196.90079145207545
Pathbased,Maxmin,0.01,9,0.40242727792274935,0.4797415258613849,196.89907399394002
Pathbased,CCKM(equal),0.01,9,1.1306507054081587,0.4797415258613849,196.89907399394002
Pathbased,CCKM(quantile),0.01,9,0.33153501539588087,0.4797415258613849,196.89907399394002
Pathbased,Maxmin,0.02,0,1.2320749629567687,0.4797415258613849,196.78837243745923
Pathbased,CCKM(equal),0.02,0,0.2048749028784719,0.4797415258613849,196.78837243745923
Pathbased,CCKM(quantile),0.02,0,0.5686243132818792,0.4797415258613849,196.78837243745923
Pathbased,Maxmin,0.02,1,1.8270451416334204,0.4797415258613849,197.05856015599156
Pathbased,CCKM(equal),0.02,1,1.0926231003075422,0.4797415258613849,197.05856015599156
Pathbased,CCKM(quantile),0.02,1,0.5723854776207055,0.4797415258613849,197.05856015599156
Pathbased,Maxmin,0.02,2,1.548600687542093,0.4797415258613849,196.680463233176
Pathbased,CCKM(equal),0.02,2,0.4498775618241943,0.4797415258613849,196.680463233176
Pathbased,CCKM(quantile),0.02,2,0.3054353408414429,0.4797415258613849,196.680463233176
Pathbased,Maxmin,0.02,3,1.8279419403192065,0.48392726996913654,196.96072078877347
Pathbased,CCKM(equal),0.02,3,0.45968745818942297,0.4797415258613849,196.79983490127142
Pathbased,CCKM(quantile),0.02,3,0.5769037605265611,0.48392726996913654,196.96072078877347
Pathbased,Maxmin,0.02,4,0.7628111825207854,0.4797415258613849,197.02268941985042
Pathbased,CCKM(equal),0.02,4,1.1027087437574625,0.4797415258613849,197.02268941985042
Pathbased,CCKM(quantile),0.02,4,0.016375746083350316,0.4797415258613849,197.02268941985042
Pathbased,Maxmin,0.02,5,2.3769681316306372,0.4797415258613849,196.9645645573828
Pathbased,CCKM(equal),0.02,5,0.19244192345459135,0.07062482631194632,418.6939657332704
Pathbased,CCKM(quantile),0.02,5,0.5821577187272967,0.4797415258613849,196.9645645573828
Pathbased,Maxmin,0.02,6,0.21594490890473453,0.4797415258613849,196.6841444404002
Pathbased,CCKM(equal),0.02,6,0.2994715486037611,0.4797415258613849,196.6841444404002
Pathbased,CCKM(quantile),0.02,6,0.5640514126051814,0.4797415258613849,196.6841444404002
Pathbased,Maxmin,0.02,7,1.352149692859686,0.4797415258613849,196.84803518813493
Pathbased,CCKM(equal),0.02,7,1.1833469816641151,0.4797415258613849,196.84803518813493
Pathbased,CCKM(quantile),0.02,7,0.339580083814927,0.4797415258613849,196.84803518813493
Pathbased,Maxmin,0.02,8,1.761955575296791,0.4797415258613849,196.91863638189062
Pathbased,CCKM(equal),0.02,8,1.078171767865098,0.4797415258613849,196.91863638189062
Pathbased,CCKM(quantile),0.02,8,0.0224994812913661,0.4797415258613849,196.91863638189062
Pathbased,Maxmin,0.02,9,1.2986844033126728,0.4797415258613849,197.30835092035716
Pathbased,CCKM(equal),0.02,9,1.1040568075767985,0.4797415258613849,197.30835092035716
Pathbased,CCKM(quantile),0.02,9,0.3305100989909175,0.4797415258613849,197.30835092035716
Pathbased,Maxmin,0.05,0,2.436766690225522,0.4797415258613849,197.12506420717324
Pathbased,CCKM(equal),0.05,0,1.0998572509296,0.4797415258613849,197.12506420717324
Pathbased,CCKM(quantile),0.05,0,0.5764327388501994,0.4797415258613849,197.12506420717324
Pathbased,Maxmin,0.05,1,2.236913071723065,0.4797415258613849,197.99911974701527
Pathbased,CCKM(equal),0.05,1,1.0926231003075422,0.4797415258613849,197.99911974701527
Pathbased,CCKM(quantile),0.05,1,0.3325142226645053,0.4797415258613849,197.99911974701527
Pathbased,Maxmin,0.05,2,2.2596984853411306,0.48392726996913654,197.94233939254605
Pathbased,CCKM(equal),0.05,2,1.1061546078946405,0.4797415258613849,197.78118371553165
Pathbased,CCKM(quantile),0.05,2,0.6029138397390208,0.48392726996913654,197.94233939254605
Pathbased,Maxmin,0.05,3,2.3465033852754957,0.48392726996913654,197.46085592723153
Pathbased,CCKM(equal),0.05,3,0.5941940443429311,0.4797415258613849,197.302266900576
Pathbased,CCKM(quantile),0.05,3,0.34615138068613777,0.4797415258613849,197.302266900576
Pathbased,Maxmin,0.05,4,2.2940289674013674,0.4797415258613849,197.76252900798397
Pathbased,CCKM(equal),0.05,4,1.0966858764196303,0.4797415258613849,197.76252900798397
Pathbased,CCKM(quantile),0.05,4,0.04352372034301876,0.4797415258613849,197.76252900798397
Pathbased,Maxmin,0.05,5,2.3769681316306372,0.4756805068025964,198.07014204745025
Pathbased,CCKM(equal),0.05,5,1.087659307178836,0.4756805068025964,198.07014204745025
Pathbased,CCKM(quantile),0.05,5,0.35682015085751084,0.4756805068025964,198.07014204745025
Pathbased,Maxmin,0.05,6,2.03797212731749,0.4797415258613849,197.16825206012442
Pathbased,CCKM(equal),0.05,6,1.0870609941624563,0.4797415258613849,197.16825206012442
Pathbased,CCKM(quantile),0.05,6,0.5851062974152647,0.4797415258613849,197.16825206012442
Pathbased,Maxmin,0.05,7,1.9744836779443269,0.48392726996913654,197.28352445400213
Pathbased,CCKM(equal),0.05,7,1.094448044510109,0.48392726996913654,197.28352445400213
Pathbased,CCKM(quantile),0.05,7,0.3308130288796068,0.4797415258613849,197.099278724229
Pathbased,Maxmin,0.05,8,2.0097356870320415,0.48392726996913654,197.71671595640657
Pathbased,CCKM(equal),0.05,8,1.075100081614733,0.4797415258613849,197.34784101945883
Pathbased,CCKM(quantile),0.05,8,0.03604858706060513,0.4797415258613849,197.34784101945883
Pathbased,Maxmin,0.05,9,2.1410929694462872,0.47930166970155336,198.7447403197908
Pathbased,CCKM(equal),0.05,9,1.100070978212839,0.47930166970155336,198.7447403197908
Pathbased,CCKM(quantile),0.05,9,0.34147477516536867,0.48343053089781357,198.57516352525607
Aggregation,Maxmin,0.01,0,0.748597825617028,0.8199114078016516,197.67116445431316
Aggregation,CCKM(equal),0.01,0,0.2330719607532541,0.7904375450177189,168.37945101329487
Aggregation,CCKM(quantile),0.01,0,0.004165083624019268,0.7150821868859835,144.2969416589827
Aggregation,Maxmin,0.01,1,0.7730088053698416,0.8113386030575154,239.6858676279914
Aggregation,CCKM(equal),0.01,1,0.1341832070630475,0.7370348208297219,207.5801305893353
Aggregation,CCKM(quantile),0.01,1,0.03569755820622774,0.735674578112297,144.83156034508443
Aggregation,Maxmin,0.01,2,0.6803834277171015,0.7883447145376142,168.40250882554813
Aggregation,CCKM(equal),0.01,2,0.08776713655983262,0.7115254450723938,144.31611341196427
Aggregation,CCKM(quantile),0.01,2,0.0149284150999655,0.7135830219365743,144.42608371660103
Aggregation,Maxmin,0.01,3,0.7636423640969598,0.7949252542970293,168.44625512051442
Aggregation,CCKM(equal),0.01,3,0.2059489038321016,0.8101158423632157,168.6037407563619
Aggregation,CCKM(quantile),0.01,3,0.017665099427350544,0.7135862517971451,144.3536899606587
Aggregation,Maxmin,0.01,4,0.6974679471411316,0.8188016634629208,197.7246073804926
Aggregation,CCKM(equal),0.01,4,0.14260701402792778,0.6891771154040938,185.34417962804127
Aggregation,CCKM(quantile),0.01,4,0.025041649234705955,0.7322166600264741,144.97168265638626
Aggregation,Maxmin,0.01,5,0.886594542509889,0.7622852332885822,278.78653296980497
Aggregation,CCKM(equal),0.01,5,0.13876743880643064,0.7457587575270149,279.00976960634534
Aggregation,CCKM(quantile),0.01,5,0.010403299678596772,0.7173820623237965,144.43345556223576
Aggregation,Maxmin,0.01,6,0.7219272436380066,0.6764476868981734,183.95860296373147
Aggregation,CCKM(equal),0.01,6,0.10530027646185283,0.6582330464662912,183.77431365445085
Aggregation,CCKM(quantile),0.01,6,0.021352116862284342,0.7366992051096344,144.42861583742683
Aggregation,Maxmin,0.01,7,0.7678072766530717,0.7334619020570539,227.1936122595455
Aggregation,CCKM(equal),0.01,7,0.1772122484502248,0.7947830551911156,168.41616040387635
Aggregation,CCKM(quantile),0.01,7,0.02046712628519277,0.7376011537562761,144.5636700260087
Aggregation,Maxmin,0.01,8,0.937127873064602,0.7389914673467001,207.57341247599624
Aggregation,CCKM(equal),0.01,8,0.13428347206069896,0.8079177615584487,168.6409591976712
Aggregation,CCKM(quantile),0.01,8,0.017417560205556452,0.7157284619185549,144.5766905584885
Aggregation,Maxmin,0.01,9,0.8326167212990666,0.758566320343447,207.68000042044537
Aggregation,CCKM(equal),0.01,9,0.12283184298979415,0.7370348208297219,207.50359558876994
Aggregation,CCKM(quantile),0.01,9,0.02940620826332999,0.732418949672664,145.14384665386302
Aggregation,Maxmin,0.02,0,0.9874112920192006,0.7457587575270149,279.0357425944049
Aggregation,CCKM(equal),0.02,0,0.13426612246655242,0.7904375450177189,168.51243355914858
Aggregation,CCKM(quantile),0.02,0,0.02739296121375761,0.7291901523017175,144.41004608751166
Aggregation,Maxmin,0.02,1,0.758656670345004,0.7349117011746625,207.83851098383278
Aggregation,CCKM(equal),0.02,1,0.1385570572360903,0.7369511058162361,207.8359811360365
Aggregation,CCKM(quantile),0.02,1,0.03397882750465216,0.7352786416537005,145.60809337309183
Aggregation,Maxmin,0.02,2,0.8862665908098306,0.7484690393401954,279.06106605743287
Aggregation,CCKM(equal),0.02,2,0.14875687786410494,0.734962280439177,207.68460798488803
Aggregation,CCKM(quantile),0.02,2,0.03554701043490555,0.65575765668064,174.7321086594796
Aggregation,Maxmin,0.02,3,0.9107290797435764,0.7370348208297219,207.75407959559777
Aggregation,CCKM(equal),0.02,3,0.1944362550621633,0.8215666603899975,168.75191025157648
Aggregation,CCKM(quantile),0.02,3,0.028681170058614723,0.7150821868859835,144.5277400218854
Aggregation,Maxmin,0.02,4,0.9620207461070239,0.810479492849283,239.95927210877718
Aggregation,CCKM(equal),0.02,4,0.13740313019255992,0.7089529996874683,148.5401220173694
Aggregation,CCKM(quantile),0.02,4,0.03426967971097165,0.7500151016412003,145.4751408392221
Aggregation,Maxmin,0.02,5,1.01929117273941,0.7640128292678525,278.8486608497201
Aggregation,CCKM(equal),0.02,5,0.13413119664678227,0.7390111291817729,207.81948983829508
Aggregation,CCKM(quantile),0.02,5,0.02749925952096351,0.7473184054677322,145.940749919899
Aggregation,Maxmin,0.02,6,1.1618820169122277,0.8215666603899975,168.74392737601545
Aggregation,CCKM(equal),0.02,6,0.1376587555488601,0.7949252542970293,168.56113630863152
Aggregation,CCKM(quantile),0.02,6,0.030505693684019976,0.7398273580972397,144.86154240333462
Aggregation,Maxmin,0.02,7,0.8875708828601611,0.762221729109571,278.9878562481614
Aggregation,CCKM(equal),0.02,7,0.13216146582651475,0.796839944806362,168.52504050297776
Aggregation,CCKM(quantile),0.02,7,0.042155805412477994,0.7348650063767735,144.85217419245402
Aggregation,Maxmin,0.02,8,0.951616019603294,0.7582665927926971,207.87415270727496
Aggregation,CCKM(equal),0.02,8,0.13627523710138542,0.7423491317507797,207.83074016677574
Aggregation,CCKM(quantile),0.02,8,0.031935298810033916,0.7135862517971451,145.03433104379792
Aggregation,Maxmin,0.02,9,0.6915986666095,0.7376086852834138,207.59716732867565
Aggregation,CCKM(equal),0.02,9,0.12233489536519974,0.6951707553859995,185.0134052491464
Aggregation,CCKM(quantile),0.02,9,0.03688246178087957,0.7381849340753531,145.47181159718355
Aggregation,Maxmin,0.05,0,1.1064039665227559,0.7791410761185973,208.55195031709195
Aggregation,CCKM(equal),0.05,0,0.12554503475042597,0.7391055038833841,208.068426483694
Aggregation,CCKM(quantile),0.05,0,0.05236815307002091,0.7459144732084083,146.90044449985487
Aggregation,Maxmin,0.05,1,1.255643939640566,0.8181202917824132,240.8486839522368
Aggregation,CCKM(equal),0.05,1,0.14717137883138665,0.7969148934731416,170.0819236555831
Aggregation,CCKM(quantile),0.05,1,0.05841857589806063,0.642786814245868,176.75110265354698
Aggregation,Maxmin,0.05,2,1.110463286780884,0.8434747915486591,170.9087546999007
Aggregation,CCKM(equal),0.05,2,0.15128625078787308,0.7475528190168069,279.4410540341458
Aggregation,CCKM(quantile),0.05,2,0.05180093027610554,0.7541309523916004,147.05167343052352
Aggregation,Maxmin,0.05,3,1.076873679790913,0.7677353680176813,208.3822415915339
Aggregation,CCKM(equal),0.05,3,0.10458760950417713,0.7702367254727079,208.511973757602
Aggregation,CCKM(quantile),0.05,3,0.055551615247364385,0.7326625761755768,146.3006316508512
Aggregation,Maxmin,0.05,4,0.9857036675968608,0.7627697359837542,208.28718819847995
Aggregation,CCKM(equal),0.05,4,0.14054510560522113,0.6797955298893813,185.1581055305354
Aggregation,CCKM(quantile),0.05,4,0.04457980505309341,0.7720884268037993,148.55873488164613
Aggregation,Maxmin,0.05,5,1.3559014456852156,0.8444945257252692,172.10738005385224
Aggregation,CCKM(equal),0.05,5,0.14875900825012828,0.8291034775958203,169.94985273454114
Aggregation,CCKM(quantile),0.05,5,0.05560512178391846,0.7471043040532834,148.37885896539
Aggregation,Maxmin,0.05,6,1.3083751665039685,0.8278048940225279,152.03744514638163
Aggregation,CCKM(equal),0.05,6,0.13898784146559887,0.700611083597456,188.64848835224123
Aggregation,CCKM(quantile),0.05,6,0.05717529976614561,0.8056887349025986,150.27020918136984
Aggregation,Maxmin,0.05,7,0.9903505132635166,0.7622852332885822,279.09969122290283
Aggregation,CCKM(equal),0.05,7,0.12750917035462525,0.7390966460941406,207.99362266851858
Aggregation,CCKM(quantile),0.05,7,0.08294999121370017,0.7409746734750526,148.33507643476472
Aggregation,Maxmin,0.05,8,1.187797692236907,0.8220829292556058,171.98860323393166
Aggregation,CCKM(equal),0.05,8,0.11490623691622655,0.7484862459695583,279.23586462023627
Aggregation,CCKM(quantile),0.05,8,0.05289295058327009,0.6859478087710895,181.58716356089224
Aggregation,Maxmin,0.05,9,0.9820954680365485,0.7791410761185973,208.81637860500302
Aggregation,CCKM(equal),0.05,9,0.12388654689439085,0.7054563264647229,186.8178431135276
Aggregation,CCKM(quantile),0.05,9,0.05397249884582817,0.740815966084124,147.59262996635766
R15,Maxmin,0.01,0,0.1302064757233814,0.8330385063973682,21.964669246556525
R15,CCKM(equal),0.01,0,0.16790866513351405,0.8372611680172479,21.406699399496816
R15,CCKM(quantile),0.01,0,0.10291475128089433,0.8218992521954162,21.723345206834786
R15,Maxmin,0.01,1,0.26559315145095774,0.6944632142799089,34.0909290941269
R15,CCKM(equal),0.01,1,0.22074646180085328,0.7445256788429473,34.1217424753889
R15,CCKM(quantile),0.01,1,0.1302605621796519,0.9157068039377645,16.31767165778819
R15,Maxmin,0.01,2,0.24283550920912197,0.7811182703008157,27.15815444662149
R15,CCKM(equal),0.01,2,0.1139047438047601,0.7547130694841696,28.777507116186992
R15,CCKM(quantile),0.01,2,0.09955093982303231,0.9137182583246105,15.997007776196867
R15,Maxmin,0.01,3,0.3394760560047371,0.7518564440857721,28.51906054329796
R15,CCKM(equal),0.01,3,0.2708385171665032,0.7888542991664574,28.03710485186609
R15,CCKM(quantile),0.01,3,0.06209640184185515,0.7869686604549613,80.8264772643218
R15,Maxmin,0.01,4,0.23163546107496355,0.7445256788429473,34.126654482602646
R15,CCKM(equal),0.01,4,0.15393640322553964,0.7268986533843845,33.96802479781345
R15,CCKM(quantile),0.01,4,0.11067241048955265,0.9123265138066533,15.977066247783974
R15,Maxmin,0.01,5,0.2895077345144989,0.7445256788429473,34.13645912265715
R15,CCKM(equal),0.01,5,0.17291885637980364,0.6980027231514307,34.23115062911852
R15,CCKM(quantile),0.01,5,0.05911541900265735,0.9138386231258501,15.930878470219525
R15,Maxmin,0.01,6,0.2533308361977856,0.806574021392141,22.46176678757474
R15,CCKM(equal),0.01,6,0.2604309361933083,0.8037091445832569,23.019215645897383
R15,CCKM(quantile),0.01,6,0.07580847129498172,0.9105463834866165,16.00585495840895
R15,Maxmin,0.01,7,0.2628262669887282,0.7433786391766429,28.97219274735189
R15,CCKM(equal),0.01,7,0.23053952345795448,0.7440477114020307,27.670697707157768
R15,CCKM(quantile),0.01,7,0.06639475621169239,0.9172577020221379,16.021253285744116
R15,Maxmin,0.01,8,0.34113382663245007,0.5905696395536887,48.093752173988314
R15,CCKM(equal),0.01,8,0.3161449854412053,0.7445256788429473,34.16295909955802
R15,CCKM(quantile),0.01,8,0.09447657457282772,0.9157068039377645,16.29506173975203
R15,Maxmin,0.01,9,0.2478779915532082,0.6878171661696653,33.22018007994797
R15,CCKM(equal),0.01,9,0.29212113120458383,0.7445256788429473,34.14576818504496
R15,CCKM(quantile),0.01,9,0.13958344499842665,0.9130968930470841,16.107490048536533
R15,Maxmin,0.02,0,0.34235581857777914,0.6041545772391881,47.72695456380322
R15,CCKM(equal),0.02,0,0.3776978406271567,0.669583657843243,33.11396618023022
R15,CCKM(quantile),0.02,0,0.08557881069647258,0.8551923369648833,76.98800766587465
R15,Maxmin,0.02,1,0.2421377733273909,0.6908561725171922,34.36030009385982
R15,CCKM(equal),0.02,1,0.3085033196377862,0.7445256788429473,34.14005770583736
R15,CCKM(quantile),0.02,1,0.11888312029785511,0.9207009617551041,16.790931267564794
R15,Maxmin,0.02,2,0.3724879753182891,0.5999284944009786,47.607110070656866
R15,CCKM(equal),0.02,2,0.28914728334381706,0.7080056553026519,34.73119585439784
R15,CCKM(quantile),0.02,2,0.1306275233194844,0.9244516072656146,67.04022470717348
R15,Maxmin,0.02,3,0.31952910348851876,0.6967410068454304,34.420300793121456
R15,CCKM(equal),0.02,3,0.46129262479190686,0.7101487771693532,87.49919237853115
R15,CCKM(quantile),0.02,3,0.10239759519816591,0.8551923369648833,72.58431303854283
R15,Maxmin,0.02,4,0.32430904899193524,0.604373280163363,47.58880741209712
R15,CCKM(equal),0.02,4,0.3339063089393965,0.7002554525346628,34.272812983988175
R15,CCKM(quantile),0.02,4,0.2425768861038767,0.8141023277824635,20.885825513931415
R15,Maxmin,0.02,5,0.3434959078645546,0.5895179587887505,47.29126011212177
R15,CCKM(equal),0.02,5,0.45706620304213064,0.650077904463246,95.28686766033684
R15,CCKM(quantile),0.02,5,0.09800936951846415,0.8382816594437081,78.54797217345372
R15,Maxmin,0.02,6,0.40183193292515557,0.603504309539435,46.932002158797445
R15,CCKM(equal),0.02,6,0.36167189407819395,0.7417090180521682,28.859580604247807
R15,CCKM(quantile),0.02,6,0.0802609711770664,0.909432225385474,15.163753985250729
R15,Maxmin,0.02,7,0.4050239467711884,0.6057053625519647,48.66617490165454
R15,CCKM(equal),0.02,7,0.4653383151028434,0.6908561725171922,34.35159861249815
R15,CCKM(quantile),0.02,7,0.15190280085849867,0.8968606923386349,15.086023238933919
R15,Maxmin,0.02,8,0.3329360416177683,0.5998493290920773,47.60525068827711
R15,CCKM(equal),0.02,8,0.428341845476657,0.6622022537089282,93.24796318052539
R15,CCKM(quantile),0.02,8,0.10794147345367595,0.8441731436084242,76.80518329848093
R15,Maxmin,0.02,9,0.3256374557379623,0.5999284944009786,47.5959549452849
R15,CCKM(equal),0.02,9,0.37281699679179753,0.701378719035806,93.10948241736259
R15,CCKM(quantile),0.02,9,0.14908393026458913,0.9172577020221379,16.5783939085467
R15,Maxmin,0.05,0,0.538652488263937,0.4715938074533032,76.67322559923977
R15,CCKM(equal),0.05,0,0.46886369707831577,0.6478435387055274,90.68991749262621
R15,CCKM(quantile),0.05,0,0.19426313181488605,0.8432115830236092,22.952778946212426
R15,Maxmin,0.05,1,0.46557658427629695,0.4745054677716201,76.93177433807173
R15,CCKM(equal),0.05,1,0.4528728745494654,0.750393734769362,28.724993021099856
R15,CCKM(quantile),0.05,1,0.1235647077167679,0.9142123024644135,17.40933214803606
R15,Maxmin,0.05,2,0.5173310364660328,0.47005883681468724,78.55699972315634
R15,CCKM(equal),0.05,2,0.47700921611733005,0.6894647726892063,34.66046992279986
R15,CCKM(quantile),0.05,2,0.19771452047148716,0.921139657203435,70.3217501365241
R15,Maxmin,0.05,3,0.4534583046773778,0.4749096943348727,75.03812821781432
R15,CCKM(equal),0.05,3,0.5079628928098301,0.6225744244543487,154.36955344277712
R15,CCKM(quantile),0.05,3,0.1123129387209297,0.905391121273977,19.85142111324282
R15,Maxmin,0.05,4,0.49533166059359346,0.4753262575843557,77.06408965724697
R15,CCKM(equal),0.05,4,0.4594437345020654,0.6609790326007261,93.42844055725254
R15,CCKM(quantile),0.05,4,0.11543239273908212,0.8490017016181354,76.45932187812079
R15,Maxmin,0.05,5,0.5574281940282197,0.4749096943348727,75.12063792451121
R15,CCKM(equal),0.05,5,0.49754735066017225,0.7445256788429473,34.80613064243416
R15,CCKM(quantile),0.05,5,0.12087906950791802,0.9172577020221379,17.099546041206317
R15,Maxmin,0.05,6,0.4950654810168645,0.6051083026888446,47.990234229028616
R15,CCKM(equal),0.05,6,0.410690015159504,0.7419518716008516,34.23811513308584
R15,CCKM(quantile),0.05,6,0.1802275003516919,0.8349226512239272,75.4444806719501
R15,Maxmin,0.05,7,0.42674513886379134,0.5987469626107772,49.58086346338419
R15,CCKM(equal),0.05,7,0.5067163872991041,0.6478435387055274,94.26425756292207
R15,CCKM(quantile),0.05,7,0.0927610433733029,0.9127834443336973,15.856129240812827
R15,Maxmin,0.05,8,0.4331411636918843,0.4749096943348727,75.03731096193043
R15,CCKM(equal),0.05,8,0.48390175604876906,0.6399830419964057,94.09962544422719
R15,CCKM(quantile),0.05,8,0.11551973923067066,0.8083994635401309,23.093376058459437
R15,Maxmin,0.05,9,0.5087945228792049,0.4745983875945488,76.45692639606777
R15,CCKM(equal),0.05,9,0.37039855843456665,0.6894380489957986,35.7848317283907
R15,CCKM(quantile),0.05,9,0.15174989906789305,0.8524940167184393,23.38510476663073
D31,Maxmin,0.01,0,0.34274002991612024,0.5918581617701302,245.27095254099598
D31,CCKM(equal),0.01,0,0.1753023216509921,0.6559597481421261,170.2069100898416
D31,CCKM(quantile),0.01,0,0.07633270696370524,0.8174124964502697,106.51131358209334
D31,Maxmin,0.01,1,0.34884126158499107,0.6294441712540929,197.52196731104704
D31,CCKM(equal),0.01,1,0.15807574655471848,0.6576519937753875,192.62326095765502
D31,CCKM(quantile),0.01,1,0.09428589477794651,0.7967334637698718,119.4381362896947
D31,Maxmin,0.01,2,0.3529946413224061,0.6108425786999716,196.3400055695211
D31,CCKM(equal),0.01,2,0.11373552414719106,0.6618286828279291,171.66529637421436
D31,CCKM(quantile),0.01,2,0.07946418755740067,0.8088989671056246,105.47946226340156
D31,Maxmin,0.01,3,0.3049418963145269,0.6660267828231253,201.9267099408966
D31,CCKM(equal),0.01,3,0.15216194642858843,0.652580994520751,174.06997943679897
D31,CCKM(quantile),0.01,3,0.05746940982071716,0.8156167819343327,103.84017937752614
D31,Maxmin,0.01,4,0.35335286601498794,0.6114711830551882,237.16757900856825
D31,CCKM(equal),0.01,4,0.1687568938868649,0.6693872707969988,177.6651403405893
D31,CCKM(quantile),0.01,4,0.05910163876021577,0.806358345102464,107.82187105740095
D31,Maxmin,0.01,5,0.34740214152039095,0.5761426860837726,257.6429674658176
D31,CCKM(equal),0.01,5,0.17299598421816914,0.6288146670540277,200.37679353520792
D31,CCKM(quantile),0.01,5,0.05752186463224367,0.7835879962126371,123.33143156222707
D31,Maxmin,0.01,6,0.3631490121589727,0.6420014018345407,210.59457176547818
D31,CCKM(equal),0.01,6,0.16209261690168192,0.6398393831027082,212.44225440754255
D31,CCKM(quantile),0.01,6,0.04915328812001341,0.8520644765550053,96.01332714211378
D31,Maxmin,0.01,7,0.363391574759007,0.6409025864697468,195.0738546977593
D31,CCKM(equal),0.01,7,0.14058816945043484,0.6614630978600818,171.58069017613374
D31,CCKM(quantile),0.01,7,0.0820628005054775,0.8179559837534928,114.41979720907145
D31,Maxmin,0.01,8,0.322446040861437,0.6073203085837493,230.68841650001238
D31,CCKM(equal),0.01,8,0.11538354492885194,0.6627459370952695,175.27919549146225
D31,CCKM(quantile),0.01,8,0.07480993490358774,0.8087693822079998,101.41764777592718
D31,Maxmin,0.01,9,0.34910799638018486,0.6389845885794703,210.8008379216719
D31,CCKM(equal),0.01,9,0.12552695936434038,0.67543891596362,171.98201750513817
D31,CCKM(quantile),0.01,9,0.05792431023207126,0.7274767158096037,127.56058737431599
D31,Maxmin,0.02,0,0.41428499246210965,0.5382626379303325,300.6618945798605
D31,CCKM(equal),0.02,0,0.15821775937620505,0.6473524199678328,204.16822659961488
D31,CCKM(quantile),0.02,0,0.06966058212355189,0.8059575016060548,110.72785048522542
D31,Maxmin,0.02,1,0.4169125836908089,0.552571637631407,295.3230406077809
D31,CCKM(equal),0.02,1,0.18026215839165463,0.6413853828076848,212.01175844285723
D31,CCKM(quantile),0.02,1,0.09253474483733204,0.8449439021289911,108.1260971702012
D31,Maxmin,0.02,2,0.4755287581085471,0.48417153239675836,352.01577145308977
D31,CCKM(equal),0.02,2,0.2211735457091574,0.6217589629087146,216.7356916191365
D31,CCKM(quantile),0.02,2,0.11471502298586099,0.8255235815821215,118.9240073481285
D31,Maxmin,0.02,3,0.36806076245991454,0.5832694412496578,237.3817434702086
D31,CCKM(equal),0.02,3,0.15426649223926722,0.6412548449112893,198.3227181792189
D31,CCKM(quantile),0.02,3,0.08395508480739755,0.8619587576779261,96.95876687455839
D31,Maxmin,0.02,4,0.41194132614653195,0.5889688728589367,253.04218884059995
D31,CCKM(equal),0.02,4,0.20091493693389612,0.6256373269176244,184.91675886827585
D31,CCKM(quantile),0.02,4,0.08492385170610911,0.8208562752485682,108.82495417186243
D31,Maxmin,0.02,5,0.4235409383964805,0.5768252745118331,247.72153744418964
D31,CCKM(equal),0.02,5,0.1801464530346131,0.6446307133885721,191.85165909896853
D31,CCKM(quantile),0.02,5,0.06553161274365997,0.8365459330317286,108.31512761813688
D31,Maxmin,0.02,6,0.3855511722156398,0.5391893316944439,330.9751520873542
D31,CCKM(equal),0.02,6,0.17225003616073933,0.6930822973109588,183.57796716598295
D31,CCKM(quantile),0.02,6,0.07557851042925197,0.8164305058685132,106.93660181727631
D31,Maxmin,0.02,7,0.39526477513149194,0.5255929885688333,320.89864918546016
D31,CCKM(equal),0.02,7,0.14426735304977212,0.6383038721805013,206.21540995177438
D31,CCKM(quantile),0.02,7,0.08035224173255277,0.8622303707022988,98.05058827492337
D31,Maxmin,0.02,8,0.44385995629832115,0.5028373787070141,371.0722413409954
D31,CCKM(equal),0.02,8,0.17151707224699952,0.6172123960903774,201.92610989843342
D31,CCKM(quantile),0.02,8,0.09467377562560797,0.7645260908415544,133.37015089561945
D31,Maxmin,0.02,9,0.40089738625738996,0.5440062308721415,311.167179928756
D31,CCKM(equal),0.02,9,0.18741177729968989,0.6573750638285264,201.227163014502
D31,CCKM(quantile),0.02,9,0.0857535932787027,0.8502952535261671,100.7249483792338
D31,Maxmin,0.05,0,0.4908221681515849,0.5234892150060764,330.1436415829474
D31,CCKM(equal),0.05,0,0.18378224083222602,0.6247108837356383,217.3369205891981
D31,CCKM(quantile),0.05,0,0.18602438465929497,0.7165591316840093,134.56804504792734
D31,Maxmin,0.05,1,0.49423813091252217,0.5701957419916721,267.3937952129013
D31,CCKM(equal),0.05,1,0.2152291125637376,0.6257092160809394,208.66979464735746
D31,CCKM(quantile),0.05,1,0.10777242025907498,0.814450357697198,113.15441883938173
D31,Maxmin,0.05,2,0.48302016600127257,0.5269859339053274,336.81611152298456
D31,CCKM(equal),0.05,2,0.23447920787469811,0.5898763642868842,237.14545560706054
D31,CCKM(quantile),0.05,2,0.0863944395361149,0.8012490329497955,127.19394975302524
D31,Maxmin,0.05,3,0.4147755103043505,0.4983985547739704,351.21509867518637
D31,CCKM(equal),0.05,3,0.16408603691718757,0.6017299013209234,215.23518423626987
D31,CCKM(quantile),0.05,3,0.11160093591050639,0.740012518352852,152.64228569195237
D31,Maxmin,0.05,4,0.48050239852184207,0.5272344052926612,337.0180709109897
D31,CCKM(equal),0.05,4,0.19401742515749973,0.6287536769491776,216.10515633487907
D31,CCKM(quantile),0.05,4,0.09969595019385794,0.8367659048217316,105.16242512852106
D31,Maxmin,0.05,5,0.4719718491479512,0.5354562064490808,313.6062949528198
D31,CCKM(equal),0.05,5,0.20215482335437146,0.6033587414706005,223.70001925566595
D31,CCKM(quantile),0.05,5,0.09307547141526759,0.7786319462124779,132.90275883621422
D31,Maxmin,0.05,6,0.5251308332388881,0.4889242860686854,373.67250245786147
D31,CCKM(equal),0.05,6,0.17476923003529954,0.6040406766039639,224.80571670861335
D31,CCKM(quantile),0.05,6,0.10221105658380157,0.7892715008757287,121.40080096979315
D31,Maxmin,0.05,7,0.4904671121827398,0.5565161966677028,281.3363152471999
D31,CCKM(equal),0.05,7,0.16309014707496977,0.6416385818718346,196.07880744885756
D31,CCKM(quantile),0.05,7,0.11570421634237074,0.8561986194949016,105.63863928114614
D31,Maxmin,0.05,8,0.4963224455587348,0.5164677609974289,365.09358508555863
D31,CCKM(equal),0.05,8,0.18223094278034482,0.6357396906711439,224.50594075646808
D31,CCKM(quantile),0.05,8,0.0963075758407697,0.7572254967694729,125.04218434386846
D31,Maxmin,0.05,9,0.45758309834472727,0.4721185426694244,382.2107728070232
D31,CCKM(equal),0.05,9,0.1821903049538024,0.6274009449693225,206.65623642582702
D31,CCKM(quantile),0.05,9,0.14007140216008368,0.7472046526263211,149.32640092872802
