dataset,m,radii,repairs,SSE,ARI,NMI,SH,IT
Iris,4,equal,0,115.02075663594017,0.6201351808870379,0.659486892724918,0.5091683341503112,6
Iris,4,quantile,0,115.21629013217213,0.6410058621782706,0.6728438383674812,0.5051958003632493,8
Iris,8,equal,0,115.18647050742716,0.6011286543750637,0.6478741489729217,0.5113245176427448,7
Iris,8,quantile,0,115.18647050742716,0.6011286543750637,0.6478741489729217,0.5113245176427448,7
Iris,16,equal,0,172.52414960104005,0.46994578558395356,0.6609201554556503,0.5374643759140026,2
Iris,16,quantile,0,115.18647050742716,0.6011286543750637,0.6478741489729217,0.5113245176427448,8
Seeds,4,equal,0,270.33169345851064,0.7850359051341558,0.7384069651104698,0.49343048696031894,7
Seeds,4,quantile,0,271.2782589031853,0.7492966572066588,0.7069544741504366,0.4962493016453046,6
Seeds,8,equal,0,270.33169345851064,0.7850359051341558,0.7384069651104698,0.49343048696031894,5
Seeds,8,quantile,0,271.2782589031853,0.7492966572066588,0.7069544741504366,0.4962493016453046,8
Seeds,16,equal,0,270.4896708173134,0.7504797925423856,0.7088278911704357,0.49284349162400853,6
Seeds,16,quantile,0,270.4896708173134,0.7504797925423856,0.7088278911704357,0.49284349162400853,7
Ecoli,4,equal,4,143.72404281261166,0.4781588390241611,0.5998309192088449,0.4139270819060033,10
Ecoli,4,quantile,0,181.90984867271683,0.3402292622394107,0.5324371528283082,0.33343947294043624,22
Ecoli,8,equal,4,145.69444369543245,0.48548294124799757,0.5942274212819204,0.432564932052222,8
Ecoli,8,quantile,0,186.85029651425504,0.3840129899302346,0.5511999861739681,0.3184884187436525,27
Ecoli,16,equal,4,121.53431462131063,0.45554220268111495,0.573582068126345,0.3576683096303051,9
Ecoli,16,quantile,0,183.09701864630233,0.3177984751817484,0.525227859673917,0.34604100960065265,21
Tetra,4,equal,0,182.059767787501,0.6940564227595907,0.721433823288579,0.41765181299410115,14
Tetra,4,quantile,0,182.50033654834556,0.736959590737053,0.7462497057518995,0.41407756255077915,13
Tetra,8,equal,0,181.79352956205753,0.7192009114272845,0.7405007508728862,0.41680735998078333,13
Tetra,8,quantile,0,182.00626654130951,0.7576003275548445,0.7677064903611819,0.4149877268220334,22
Tetra,16,equal,0,182.059767787501,0.6940564227595907,0.721433823288579,0.41765181299410115,7
Tetra,16,quantile,0,181.7138317433167,0.731380532237521,0.7482226859213336,0.41617299891442644,9
Chainlink,4,equal,0,1298.399803665056,0.2147357788273407,0.3181092207752965,0.38790141211646867,4
Chainlink,4,quantile,0,1298.399803665056,0.2147357788273407,0.3181092207752965,0.38790141211646867,4
Chainlink,8,equal,0,1217.4815085613013,0.0023653707320025223,0.0024279886559561022,0.39739130738790707,9
Chainlink,8,quantile,0,1217.4853507441699,0.0023653707320025223,0.0024279886559561022,0.39739130738790707,8
Chainlink,16,equal,0,1321.9592996380445,0.23953677002616852,0.33650337074842057,0.3614208688950854,5
Chainlink,16,quantile,0,1321.9592996380445,0.23953677002616852,0.33650337074842057,0.3614208688950854,5
Flame,4,equal,0,296.78818191205306,0.4202316411346328,0.41045472976273145,0.36870377099880325,8
Flame,4,quantile,0,292.35583062074573,0.42025484355915355,0.397888986276093,0.3736248417997556,8
Flame,8,equal,0,296.78818191205306,0.4202316411346328,0.41045472976273145,0.36870377099880325,8
Flame,8,quantile,0,292.35583062074573,0.42025484355915355,0.397888986276093,0.3736248417997556,10
Flame,16,equal,0,292.35583062074573,0.42025484355915355,0.397888986276093,0.3736248417997556,10
Flame,16,quantile,0,292.35583062074573,0.42025484355915355,0.397888986276093,0.3736248417997556,10
Pathbased,4,equal,0,196.65421087245778,0.4797415258613849,0.5606538556651895,0.5092065033223901,6
Pathbased,4,quantile,0,196.65421087245778,0.4797415258613849,0.5606538556651895,0.5092065033223901,3
Pathbased,8,equal,0,196.65421087245778,0.4797415258613849,0.5606538556651895,0.5092065033223901,7
Pathbased,8,quantile,0,196.65421087245778,0.4797415258613849,0.5606538556651895,0.5092065033223901,7
Pathbased,16,equal,0,196.65421087245778,0.4797415258613849,0.5606538556651895,0.5092065033223901,5
Pathbased,16,quantile,0,196.65421087245778,0.4797415258613849,0.5606538556651895,0.5092065033223901,3
Aggregation,4,equal,0,165.2722759393852,0.603550798250474,0.7692868893340714,0.4484977983207327,12
Aggregation,4,quantile,0,144.205131556411,0.7154728338240792,0.8319923834794789,0.4717578157549336,11
Aggregation,8,equal,0,144.30123889456766,0.7172962654468391,0.8307326294792244,0.4714595610002266,13
Aggregation,8,quantile,0,167.81717570210353,0.6273125145294276,0.7746829528091191,0.4658751990843624,8
Aggregation,16,equal,0,144.20563922791806,0.7173820623237965,0.8326659603134747,0.47189007462628374,11
Aggregation,16,quantile,0,147.58032797903942,0.7015763331933791,0.8464597748064094,0.4647291722776797,17
R15,4,equal,4,15.712343353047691,0.8951993827453719,0.9564100986619063,0.6748947461642084,8
R15,4,quantile,0,10.204808867138706,0.9927781994136302,0.9942285075104654,0.7527351144186861,10
R15,8,equal,4,15.258917519220963,0.8939309633025158,0.955710074445981,0.6926718197466561,13
R15,8,quantile,0,20.54726927509262,0.7993171679817458,0.917476977664328,0.6096061238064614,8
R15,16,equal,4,15.442003100835722,0.9000312667186019,0.9593212386176805,0.6761902287259337,14
R15,16,quantile,0,15.409244329120925,0.8936899548021092,0.9556356301708417,0.6738823581716289,10
D31,4,equal,0,106.01265910448016,0.7878642936955286,0.9128528545999448,0.4893379733619441,18
D31,4,quantile,0,93.33277154333875,0.8354078037517304,0.9319989288113407,0.5255231706538549,11
D31,8,equal,0,112.2670033931294,0.7651222627146707,0.907196242618992,0.5073810088286503,44
D31,8,quantile,0,104.37626513463117,0.8089600791585791,0.9245302559795316,0.5244747497473617,17
D31,16,equal,0,119.03955792787062,0.7635363908920293,0.9101493532999799,0.4717412640297599,16
D31,16,quantile,0,99.6962562903898,0.8191846688273176,0.9280027778894592,0.5036587284053136,15
